# GMOS-S transmission curve for OIII (ionized oxygen)
# Columns are (1) wavelength in nm, (2) transmission in %.
# Data are from scans of the delivered filters for GMOS-S
# Scanned by Cristian Moreno, June 2017
# Table: Filtros FW1-2 Stand down June 2017_graph.xls
# Author: Hwihyun Kim
# Created: August 29, 2017
#
# Effective wavelength
# 499.0
# lambda OIII_G0338
#
    1200.0   0.13820000
    1199.8   0.12329000
    1199.6   0.12779000
    1199.4   0.13831000
    1199.2   0.12628000
    1199.0   0.12480000
    1198.8   0.16078000
    1198.6   0.12476000
    1198.4   0.15030000
    1198.2   0.12924000
    1198.0   0.14146000
    1197.8   0.13216000
    1197.6   0.12479000
    1197.4   0.14280000
    1197.2   0.13527000
    1197.0   0.10970000
    1196.8   0.13221000
    1196.6   0.14762000
    1196.4   0.11432000
    1196.2   0.13635000
    1196.0   0.14704000
    1195.8   0.13120000
    1195.6   0.12999000
    1195.4   0.14632000
    1195.2   0.13394000
    1195.0   0.14216000
    1194.8   0.13679000
    1194.6   0.13990000
    1194.4   0.13078000
    1194.2   0.12794000
    1194.0   0.11272000
    1193.8   0.12784000
    1193.6   0.14046000
    1193.4   0.13951000
    1193.2   0.12720000
    1193.0   0.13422000
    1192.8   0.13238000
    1192.6   0.11820000
    1192.4   0.17075000
    1192.2   0.13440000
    1192.0   0.12131000
    1191.8   0.13795000
    1191.6   0.13918000
    1191.4   0.11881000
    1191.2   0.15502000
    1191.0   0.13493000
    1190.8   0.12267000
    1190.6   0.12035000
    1190.4   0.14275000
    1190.2   0.12286000
    1190.0   0.11985000
    1189.8   0.14158000
    1189.6   0.11277000
    1189.4   0.13781000
    1189.2   0.13797000
    1189.0   0.10848000
    1188.8   0.12794000
    1188.6   0.13187000
    1188.4   0.11846000
    1188.2   0.11906000
    1188.0   0.13100000
    1187.8   0.13342000
    1187.6   0.14114000
    1187.4   0.12366000
    1187.2   0.14608000
    1187.0   0.10938000
    1186.8   0.14704000
    1186.6   0.12366000
    1186.4   0.12192000
    1186.2   0.13631000
    1186.0   0.12883000
    1185.8   0.12372000
    1185.6   0.12934000
    1185.4   0.10463000
    1185.2   0.13490000
    1185.0   0.11918000
    1184.8   0.11443000
    1184.6   0.13926000
    1184.4   0.14999000
    1184.2   0.11581000
    1184.0   0.13523000
    1183.8   0.11671000
    1183.6   0.11841000
    1183.4   0.11136000
    1183.2   0.14316000
    1183.0   0.13303000
    1182.8   0.13045000
    1182.6   0.12652000
    1182.4   0.13414000
    1182.2   0.12414000
    1182.0   0.11999000
    1181.8   0.13266000
    1181.6   0.12640000
    1181.4   0.12142000
    1181.2   0.14555000
    1181.0   0.12379000
    1180.8   0.12329000
    1180.6   0.13942000
    1180.4   0.13942000
    1180.2   0.12381000
    1180.0   0.12789000
    1179.8   0.13498000
    1179.6   0.13055000
    1179.4   0.13280000
    1179.2   0.11596000
    1179.0   0.14553000
    1178.8   0.14424000
    1178.6   0.15095000
    1178.4   0.12362000
    1178.2   0.14557000
    1178.0   0.13304000
    1177.8   0.12843000
    1177.6   0.13980000
    1177.4   0.13329000
    1177.2   0.11392000
    1177.0   0.12085000
    1176.8   0.14312000
    1176.6   0.12734000
    1176.4   0.12450000
    1176.2   0.12694000
    1176.0   0.12957000
    1175.8   0.14551000
    1175.6   0.12458000
    1175.4   0.13722000
    1175.2   0.12785000
    1175.0   0.13940000
    1174.8   0.13806000
    1174.6   0.13127000
    1174.4   0.14601000
    1174.2   0.12296000
    1174.0   0.13249000
    1173.8   0.11595000
    1173.6   0.12682000
    1173.4   0.13777000
    1173.2   0.14129000
    1173.0   0.13986000
    1172.8   0.11905000
    1172.6   0.13440000
    1172.4   0.11574000
    1172.2   0.14142000
    1172.0   0.13878000
    1171.8   0.12098000
    1171.6   0.12893000
    1171.4   0.11939000
    1171.2   0.12325000
    1171.0   0.13202000
    1170.8   0.12898000
    1170.6   0.14141000
    1170.4   0.10249000
    1170.2   0.13298000
    1170.0   0.13661000
    1169.8   0.11171000
    1169.6   0.13839000
    1169.4   0.10962000
    1169.2   0.13798000
    1169.0   0.15236000
    1168.8   0.13711000
    1168.6   0.14556000
    1168.4   0.13212000
    1168.2   0.15377000
    1168.0   0.13693000
    1167.8   0.13157000
    1167.6   0.11270000
    1167.4   0.13841000
    1167.2   0.13399000
    1167.0   0.13325000
    1166.8   0.12410000
    1166.6   0.12978000
    1166.4   0.13436000
    1166.2   0.15701000
    1166.0   0.12913000
    1165.8   0.12835000
    1165.6   0.12961000
    1165.4   0.14397000
    1165.2   0.13385000
    1165.0   0.14879000
    1164.8   0.15807000
    1164.6   0.12138000
    1164.4   0.11124000
    1164.2   0.13276000
    1164.0   0.12810000
    1163.8   0.12164000
    1163.6   0.12488000
    1163.4   0.14910000
    1163.2   0.14153000
    1163.0   0.14558000
    1162.8   0.13236000
    1162.6   0.13090000
    1162.4   0.12195000
    1162.2   0.14075000
    1162.0   0.14551000
    1161.8   0.11625000
    1161.6   0.12358000
    1161.4   0.11385000
    1161.2   0.13816000
    1161.0   0.12392000
    1160.8   0.14165000
    1160.6   0.11843000
    1160.4   0.12170000
    1160.2   0.13579000
    1160.0   0.12663000
    1159.8   0.11402000
    1159.6   0.15488000
    1159.4   0.13286000
    1159.2   0.13426000
    1159.0   0.12009000
    1158.8   0.14574000
    1158.6   0.10842000
    1158.4   0.14774000
    1158.2   0.13630000
    1158.0   0.11559000
    1157.8   0.13901000
    1157.6   0.12213000
    1157.4   0.13195000
    1157.2   0.14879000
    1157.0   0.12853000
    1156.8   0.12068000
    1156.6   0.12745000
    1156.4   0.11726000
    1156.2   0.13586000
    1156.0   0.12967000
    1155.8   0.12765000
    1155.6   0.12933000
    1155.4   0.10888000
    1155.2   0.13739000
    1155.0   0.12178000
    1154.8   0.15669000
    1154.6   0.13366000
    1154.4   0.14183000
    1154.2   0.12000000
    1154.0   0.12306000
    1153.8   0.10888000
    1153.6   0.11780000
    1153.4   0.14680000
    1153.2   0.11696000
    1153.0   0.13741000
    1152.8   0.11594000
    1152.6   0.14576000
    1152.4   0.12931000
    1152.2   0.11641000
    1152.0   0.11306000
    1151.8   0.13350000
    1151.6   0.13504000
    1151.4   0.13300000
    1151.2   0.13407000
    1151.0   0.13328000
    1150.8   0.14243000
    1150.6   0.13301000
    1150.4   0.13115000
    1150.2   0.13655000
    1150.0   0.13526000
    1149.8   0.13278000
    1149.6   0.12694000
    1149.4   0.11246000
    1149.2   0.14436000
    1149.0   0.11332000
    1148.8   0.13418000
    1148.6   0.11261000
    1148.4   0.14102000
    1148.2   0.12222000
    1148.0   0.12955000
    1147.8   0.11984000
    1147.6   0.10523000
    1147.4   0.12418000
    1147.2   0.14359000
    1147.0   0.11869000
    1146.8   0.11856000
    1146.6   0.11919000
    1146.4   0.12207000
    1146.2   0.12458000
    1146.0   0.13518000
    1145.8   0.11331000
    1145.6   0.12529000
    1145.4   0.13085000
    1145.2   0.13981000
    1145.0   0.14167000
    1144.8   0.14161000
    1144.6   0.13280000
    1144.4   0.12661000
    1144.2   0.14341000
    1144.0   0.13422000
    1143.8   0.14936000
    1143.6   0.12496000
    1143.4   0.12980000
    1143.2   0.13240000
    1143.0   0.13451000
    1142.8   0.10715000
    1142.6   0.13960000
    1142.4   0.14730000
    1142.2   0.11939000
    1142.0   0.11927000
    1141.8   0.14128000
    1141.6   0.12021000
    1141.4   0.13290000
    1141.2   0.11908000
    1141.0   0.13041000
    1140.8   0.12171000
    1140.6   0.13567000
    1140.4   0.13977000
    1140.2   0.12305000
    1140.0   0.11252000
    1139.8   0.11457000
    1139.6   0.12335000
    1139.4   0.12748000
    1139.2   0.11252000
    1139.0   0.12835000
    1138.8   0.11744000
    1138.6   0.13979000
    1138.4   0.10823000
    1138.2   0.14063000
    1138.0   0.13723000
    1137.8   0.11434000
    1137.6   0.13086000
    1137.4   0.13006000
    1137.2   0.13416000
    1137.0   0.12415000
    1136.8   0.13429000
    1136.6   0.12530000
    1136.4   0.14048000
    1136.2   0.13226000
    1136.0   0.12490000
    1135.8   0.13618000
    1135.6   0.12797000
    1135.4   0.12501000
    1135.2   0.13691000
    1135.0   0.15059000
    1134.8   0.13886000
    1134.6   0.11011000
    1134.4   0.11873000
    1134.2   0.12966000
    1134.0   0.13371000
    1133.8   0.11596000
    1133.6   0.13106000
    1133.4   0.12940000
    1133.2   0.12935000
    1133.0   0.15368000
    1132.8   0.13245000
    1132.6   0.13294000
    1132.4   0.12599000
    1132.2   0.14799000
    1132.0   0.11611000
    1131.8   0.12766000
    1131.6   0.12476000
    1131.4   0.14486000
    1131.2   0.12373000
    1131.0   0.11552000
    1130.8   0.11957000
    1130.6   0.10639000
    1130.4   0.13589000
    1130.2   0.11010000
    1130.0   0.11933000
    1129.8   0.13842000
    1129.6   0.13863000
    1129.4   0.12649000
    1129.2   0.12955000
    1129.0   0.13403000
    1128.8   0.13836000
    1128.6   0.11308000
    1128.4   0.12203000
    1128.2   0.14771000
    1128.0   0.13866000
    1127.8   0.12664000
    1127.6   0.12219000
    1127.4   0.12820000
    1127.2   0.13873000
    1127.0   0.12058000
    1126.8   0.11757000
    1126.6   0.13864000
    1126.4   0.14327000
    1126.2   0.12829000
    1126.0   0.13743000
    1125.8   0.13570000
    1125.6   0.12043000
    1125.4   0.10381000
    1125.2   0.14937000
    1125.0   0.12479000
    1124.8   0.12831000
    1124.6   0.12186000
    1124.4   0.13733000
    1124.2   0.13685000
    1124.0   0.12823000
    1123.8   0.13237000
    1123.6   0.12841000
    1123.4   0.15038000
    1123.2   0.12823000
    1123.0   0.13742000
    1122.8   0.15679000
    1122.6   0.13245000
    1122.4   0.15069000
    1122.2   0.10847000
    1122.0   0.13857000
    1121.8   0.11463000
    1121.6   0.14143000
    1121.4   0.14317000
    1121.2   0.12623000
    1121.0   0.12362000
    1120.8   0.13075000
    1120.6   0.12056000
    1120.4   0.13715000
    1120.2   0.12214000
    1120.0   0.12217000
    1119.8   0.12521000
    1119.6   0.12369000
    1119.4   0.11617000
    1119.2   0.12223000
    1119.0   0.12662000
    1118.8   0.12785000
    1118.6   0.14593000
    1118.4   0.11458000
    1118.2   0.14180000
    1118.0   0.12937000
    1117.8   0.12639000
    1117.6   0.12494000
    1117.4   0.12645000
    1117.2   0.14307000
    1117.0   0.13253000
    1116.8   0.13412000
    1116.6   0.12056000
    1116.4   0.12662000
    1116.2   0.14160000
    1116.0   0.12982000
    1115.8   0.13056000
    1115.6   0.13877000
    1115.4   0.12042000
    1115.2   0.13734000
    1115.0   0.13097000
    1114.8   0.11175000
    1114.6   0.11739000
    1114.4   0.13734000
    1114.2   0.13244000
    1114.0   0.13411000
    1113.8   0.13415000
    1113.6   0.13074000
    1113.4   0.13558000
    1113.2   0.11724000
    1113.0   0.14768000
    1112.8   0.11583000
    1112.6   0.12667000
    1112.4   0.12193000
    1112.2   0.12962000
    1112.0   0.11308000
    1111.8   0.13120000
    1111.6   0.13875000
    1111.4   0.11913000
    1111.2   0.12348000
    1111.0   0.11760000
    1110.8   0.13704000
    1110.6   0.11885000
    1110.4   0.12039000
    1110.2   0.15188000
    1110.0   0.11444000
    1109.8   0.12483000
    1109.6   0.14309000
    1109.4   0.11422000
    1109.2   0.13824000
    1109.0   0.12809000
    1108.8   0.11916000
    1108.6   0.13392000
    1108.4   0.12488000
    1108.2   0.12931000
    1108.0   0.13420000
    1107.8   0.13799000
    1107.6   0.13390000
    1107.4   0.11762000
    1107.2   0.13096000
    1107.0   0.13705000
    1106.8   0.12050000
    1106.6   0.12800000
    1106.4   0.11899000
    1106.2   0.12756000
    1106.0   0.13648000
    1105.8   0.12040000
    1105.6   0.12352000
    1105.4   0.13809000
    1105.2   0.12318000
    1105.0   0.11749000
    1104.8   0.12789000
    1104.6   0.12176000
    1104.4   0.14117000
    1104.2   0.14132000
    1104.0   0.12095000
    1103.8   0.12932000
    1103.6   0.10405000
    1103.4   0.13098000
    1103.2   0.13561000
    1103.0   0.11305000
    1102.8   0.14474000
    1102.6   0.11614000
    1102.4   0.14447000
    1102.2   0.12296000
    1102.0   0.14346000
    1101.8   0.12930000
    1101.6   0.11823000
    1101.4   0.11754000
    1101.2   0.13891000
    1101.0   0.11863000
    1100.8   0.11396000
    1100.6   0.13707000
    1100.4   0.14213000
    1100.2   0.12878000
    1100.0   0.14192000
    1099.8   0.14630000
    1099.6   0.14645000
    1099.4   0.12853000
    1099.2   0.08976200
    1099.0   0.15339000
    1098.8   0.13009000
    1098.6   0.11669000
    1098.4   0.13614000
    1098.2   0.14786000
    1098.0   0.12417000
    1097.8   0.13129000
    1097.6   0.12431000
    1097.4   0.11602000
    1097.2   0.12527000
    1097.0   0.12471000
    1096.8   0.12832000
    1096.6   0.10387000
    1096.4   0.12904000
    1096.2   0.12308000
    1096.0   0.13204000
    1095.8   0.12343000
    1095.6   0.11252000
    1095.4   0.12004000
    1095.2   0.12647000
    1095.0   0.13773000
    1094.8   0.13020000
    1094.6   0.11965000
    1094.4   0.14242000
    1094.2   0.12623000
    1094.0   0.12432000
    1093.8   0.11553000
    1093.6   0.11953000
    1093.4   0.11732000
    1093.2   0.13862000
    1093.0   0.12500000
    1092.8   0.11834000
    1092.6   0.12963000
    1092.4   0.13095000
    1092.2   0.09552600
    1092.0   0.13191000
    1091.8   0.12056000
    1091.6   0.10948000
    1091.4   0.14985000
    1091.2   0.10790000
    1091.0   0.14173000
    1090.8   0.10820000
    1090.6   0.13201000
    1090.4   0.13319000
    1090.2   0.12669000
    1090.0   0.12206000
    1089.8   0.13618000
    1089.6   0.14090000
    1089.4   0.13271000
    1089.2   0.13215000
    1089.0   0.11526000
    1088.8   0.12293000
    1088.6   0.14021000
    1088.4   0.11427000
    1088.2   0.13314000
    1088.0   0.12146000
    1087.8   0.14121000
    1087.6   0.10215000
    1087.4   0.15104000
    1087.2   0.14095000
    1087.0   0.14139000
    1086.8   0.12410000
    1086.6   0.13674000
    1086.4   0.11566000
    1086.2   0.14276000
    1086.0   0.13833000
    1085.8   0.10683000
    1085.6   0.11389000
    1085.4   0.15324000
    1085.2   0.12864000
    1085.0   0.11117000
    1084.8   0.13814000
    1084.6   0.12750000
    1084.4   0.13065000
    1084.2   0.13072000
    1084.0   0.12452000
    1083.8   0.11284000
    1083.6   0.11703000
    1083.4   0.12181000
    1083.2   0.14746000
    1083.0   0.12779000
    1082.8   0.13194000
    1082.6   0.11568000
    1082.4   0.10795000
    1082.2   0.13989000
    1082.0   0.15136000
    1081.8   0.11431000
    1081.6   0.12152000
    1081.4   0.12170000
    1081.2   0.13077000
    1081.0   0.11282000
    1080.8   0.12283000
    1080.6   0.14278000
    1080.4   0.11997000
    1080.2   0.13376000
    1080.0   0.12760000
    1079.8   0.12010000
    1079.6   0.12459000
    1079.4   0.14080000
    1079.2   0.14733000
    1079.0   0.11980000
    1078.8   0.14110000
    1078.6   0.12292000
    1078.4   0.12176000
    1078.2   0.13980000
    1078.0   0.11116000
    1077.8   0.11838000
    1077.6   0.14264000
    1077.4   0.12881000
    1077.2   0.11087000
    1077.0   0.13191000
    1076.8   0.11121000
    1076.6   0.12602000
    1076.4   0.13475000
    1076.2   0.12463000
    1076.0   0.11265000
    1075.8   0.14276000
    1075.6   0.12028000
    1075.4   0.12447000
    1075.2   0.13375000
    1075.0   0.12742000
    1074.8   0.11508000
    1074.6   0.13683000
    1074.4   0.13520000
    1074.2   0.13032000
    1074.0   0.12393000
    1073.8   0.11377000
    1073.6   0.13076000
    1073.4   0.11787000
    1073.2   0.13150000
    1073.0   0.11717000
    1072.8   0.12354000
    1072.6   0.13462000
    1072.4   0.11046000
    1072.2   0.14237000
    1072.0   0.10620000
    1071.8   0.13803000
    1071.6   0.12749000
    1071.4   0.14816000
    1071.2   0.11565000
    1071.0   0.13042000
    1070.8   0.14520000
    1070.6   0.10499000
    1070.4   0.13224000
    1070.2   0.12942000
    1070.0   0.11959000
    1069.8   0.13510000
    1069.6   0.13353000
    1069.4   0.13877000
    1069.2   0.12701000
    1069.0   0.13201000
    1068.8   0.13920000
    1068.6   0.14932000
    1068.4   0.14027000
    1068.2   0.11130000
    1068.0   0.13061000
    1067.8   0.11805000
    1067.6   0.13469000
    1067.4   0.11811000
    1067.2   0.13652000
    1067.0   0.13396000
    1066.8   0.13317000
    1066.6   0.13780000
    1066.4   0.11243000
    1066.2   0.14462000
    1066.0   0.14148000
    1065.8   0.10767000
    1065.6   0.11397000
    1065.4   0.11555000
    1065.2   0.13064000
    1065.0   0.13758000
    1064.8   0.10926000
    1064.6   0.13491000
    1064.4   0.12273000
    1064.2   0.11520000
    1064.0   0.14547000
    1063.8   0.15602000
    1063.6   0.11548000
    1063.4   0.13644000
    1063.2   0.11983000
    1063.0   0.13490000
    1062.8   0.13137000
    1062.6   0.10963000
    1062.4   0.14223000
    1062.2   0.14115000
    1062.0   0.13309000
    1061.8   0.13048000
    1061.6   0.12163000
    1061.4   0.13166000
    1061.2   0.13032000
    1061.0   0.13338000
    1060.8   0.14078000
    1060.6   0.12595000
    1060.4   0.11107000
    1060.2   0.13317000
    1060.0   0.13623000
    1059.8   0.13029000
    1059.6   0.11229000
    1059.4   0.11691000
    1059.2   0.13648000
    1059.0   0.12010000
    1058.8   0.12138000
    1058.6   0.13286000
    1058.4   0.12847000
    1058.2   0.11995000
    1058.0   0.12587000
    1057.8   0.11675000
    1057.6   0.13902000
    1057.4   0.11512000
    1057.2   0.11714000
    1057.0   0.10893000
    1056.8   0.12658000
    1056.6   0.12929000
    1056.4   0.13991000
    1056.2   0.12401000
    1056.0   0.10872000
    1055.8   0.12152000
    1055.6   0.13227000
    1055.4   0.10160000
    1055.2   0.13431000
    1055.0   0.12735000
    1054.8   0.12353000
    1054.6   0.13831000
    1054.4   0.10100000
    1054.2   0.10669000
    1054.0   0.13404000
    1053.8   0.13524000
    1053.6   0.12997000
    1053.4   0.12596000
    1053.2   0.13771000
    1053.0   0.13554000
    1052.8   0.13136000
    1052.6   0.10959000
    1052.4   0.12570000
    1052.2   0.14137000
    1052.0   0.13557000
    1051.8   0.13037000
    1051.6   0.13759000
    1051.4   0.12382000
    1051.2   0.13300000
    1051.0   0.14556000
    1050.8   0.14395000
    1050.6   0.14911000
    1050.4   0.12390000
    1050.2   0.13624000
    1050.0   0.12560000
    1049.8   0.12980000
    1049.6   0.13463000
    1049.4   0.12624000
    1049.2   0.12678000
    1049.0   0.13942000
    1048.8   0.12894000
    1048.6   0.11680000
    1048.4   0.12868000
    1048.2   0.13300000
    1048.0   0.14333000
    1047.8   0.12572000
    1047.6   0.15269000
    1047.4   0.13192000
    1047.2   0.14699000
    1047.0   0.13173000
    1046.8   0.12411000
    1046.6   0.13443000
    1046.4   0.13942000
    1046.2   0.13014000
    1046.0   0.12596000
    1045.8   0.11815000
    1045.6   0.15105000
    1045.4   0.12875000
    1045.2   0.13324000
    1045.0   0.13165000
    1044.8   0.11248000
    1044.6   0.11958000
    1044.4   0.11091000
    1044.2   0.12865000
    1044.0   0.13649000
    1043.8   0.10630000
    1043.6   0.14516000
    1043.4   0.12540000
    1043.2   0.12563000
    1043.0   0.11381000
    1042.8   0.12431000
    1042.6   0.13050000
    1042.4   0.14372000
    1042.2   0.11943000
    1042.0   0.12978000
    1041.8   0.12882000
    1041.6   0.14119000
    1041.4   0.12095000
    1041.2   0.13064000
    1041.0   0.14073000
    1040.8   0.12137000
    1040.6   0.14639000
    1040.4   0.12692000
    1040.2   0.12550000
    1040.0   0.13200000
    1039.8   0.13115000
    1039.6   0.14060000
    1039.4   0.10621000
    1039.2   0.12755000
    1039.0   0.12330000
    1038.8   0.13182000
    1038.6   0.13866000
    1038.4   0.12119000
    1038.2   0.11329000
    1038.0   0.14299000
    1037.8   0.13782000
    1037.6   0.13818000
    1037.4   0.11600000
    1037.2   0.12705000
    1037.0   0.12751000
    1036.8   0.10634000
    1036.6   0.12797000
    1036.4   0.12398000
    1036.2   0.12433000
    1036.0   0.14074000
    1035.8   0.11317000
    1035.6   0.13518000
    1035.4   0.12682000
    1035.2   0.13797000
    1035.0   0.13555000
    1034.8   0.11814000
    1034.6   0.11655000
    1034.4   0.13020000
    1034.2   0.12734000
    1034.0   0.12603000
    1033.8   0.13113000
    1033.6   0.13788000
    1033.4   0.13302000
    1033.2   0.13343000
    1033.0   0.12578000
    1032.8   0.14553000
    1032.6   0.09257800
    1032.4   0.11983000
    1032.2   0.14516000
    1032.0   0.11552000
    1031.8   0.13010000
    1031.6   0.14065000
    1031.4   0.12753000
    1031.2   0.12595000
    1031.0   0.12095000
    1030.8   0.13299000
    1030.6   0.11495000
    1030.4   0.13179000
    1030.2   0.13591000
    1030.0   0.12655000
    1029.8   0.11690000
    1029.6   0.12899000
    1029.4   0.13734000
    1029.2   0.11500000
    1029.0   0.10152000
    1028.8   0.11003000
    1028.6   0.14904000
    1028.4   0.12530000
    1028.2   0.12398000
    1028.0   0.12159000
    1027.8   0.13441000
    1027.6   0.11592000
    1027.4   0.12434000
    1027.2   0.13659000
    1027.0   0.12085000
    1026.8   0.14019000
    1026.6   0.12393000
    1026.4   0.11373000
    1026.2   0.11582000
    1026.0   0.13147000
    1025.8   0.12663000
    1025.6   0.12987000
    1025.4   0.11750000
    1025.2   0.13319000
    1025.0   0.12658000
    1024.8   0.11943000
    1024.6   0.13565000
    1024.4   0.11959000
    1024.2   0.13734000
    1024.0   0.12884000
    1023.8   0.09724700
    1023.6   0.13046000
    1023.4   0.12095000
    1023.2   0.11122000
    1023.0   0.10565000
    1022.8   0.12747000
    1022.6   0.15402000
    1022.4   0.11682000
    1022.2   0.14071000
    1022.0   0.10757000
    1021.8   0.13961000
    1021.6   0.12441000
    1021.4   0.13487000
    1021.2   0.10498000
    1021.0   0.14673000
    1020.8   0.11386000
    1020.6   0.12450000
    1020.4   0.12726000
    1020.2   0.09432500
    1020.0   0.15138000
    1019.8   0.11821000
    1019.6   0.14039000
    1019.4   0.12729000
    1019.2   0.12040000
    1019.0   0.12394000
    1018.8   0.14317000
    1018.6   0.12298000
    1018.4   0.12476000
    1018.2   0.11921000
    1018.0   0.11502000
    1017.8   0.13192000
    1017.6   0.14010000
    1017.4   0.12227000
    1017.2   0.11908000
    1017.0   0.12422000
    1016.8   0.11238000
    1016.6   0.13626000
    1016.4   0.11965000
    1016.2   0.13223000
    1016.0   0.09548800
    1015.8   0.12595000
    1015.6   0.14690000
    1015.4   0.11048000
    1015.2   0.13159000
    1015.0   0.12311000
    1014.8   0.12885000
    1014.6   0.12378000
    1014.4   0.11661000
    1014.2   0.11563000
    1014.0   0.14204000
    1013.8   0.12324000
    1013.6   0.13179000
    1013.4   0.13741000
    1013.2   0.11364000
    1013.0   0.12591000
    1012.8   0.12037000
    1012.6   0.13321000
    1012.4   0.11543000
    1012.2   0.12290000
    1012.0   0.12188000
    1011.8   0.14221000
    1011.6   0.10658000
    1011.4   0.10929000
    1011.2   0.11353000
    1011.0   0.14827000
    1010.8   0.12902000
    1010.6   0.12334000
    1010.4   0.11872000
    1010.2   0.13934000
    1010.0   0.13136000
    1009.8   0.15162000
    1009.6   0.13550000
    1009.4   0.10162000
    1009.2   0.13737000
    1009.0   0.12193000
    1008.8   0.14161000
    1008.6   0.10453000
    1008.4   0.13604000
    1008.2   0.10801000
    1008.0   0.12634000
    1007.8   0.12660000
    1007.6   0.12440000
    1007.4   0.13029000
    1007.2   0.14133000
    1007.0   0.11765000
    1006.8   0.11417000
    1006.6   0.13822000
    1006.4   0.13089000
    1006.2   0.12973000
    1006.0   0.13224000
    1005.8   0.14145000
    1005.6   0.11147000
    1005.4   0.11038000
    1005.2   0.12034000
    1005.0   0.12433000
    1004.8   0.10496000
    1004.6   0.12622000
    1004.4   0.13552000
    1004.2   0.12710000
    1004.0   0.14608000
    1003.8   0.13496000
    1003.6   0.12789000
    1003.4   0.11422000
    1003.2   0.14116000
    1003.0   0.12325000
    1002.8   0.12788000
    1002.6   0.12630000
    1002.4   0.14298000
    1002.2   0.10347000
    1002.0   0.12867000
    1001.8   0.12652000
    1001.6   0.11591000
    1001.4   0.11981000
    1001.2   0.12069000
    1001.0   0.12144000
    1000.8   0.13925000
    1000.6   0.13356000
    1000.4   0.14306000
    1000.2   0.10440000
    1000.0   0.14594000
     999.8   0.11264000
     999.6   0.12554000
     999.4   0.12504000
     999.2   0.14257000
     999.0   0.11537000
     998.8   0.12873000
     998.6   0.12937000
     998.4   0.13718000
     998.2   0.11385000
     998.0   0.14097000
     997.8   0.12960000
     997.6   0.12451000
     997.4   0.12502000
     997.2   0.11005000
     997.0   0.14699000
     996.8   0.13818000
     996.6   0.13244000
     996.4   0.12218000
     996.2   0.15291000
     996.0   0.10268000
     995.8   0.12632000
     995.6   0.14013000
     995.4   0.09454000
     995.2   0.12322000
     995.0   0.13220000
     994.8   0.12797000
     994.6   0.13402000
     994.4   0.12820000
     994.2   0.13456000
     994.0   0.13362000
     993.8   0.10365000
     993.6   0.16307000
     993.4   0.12449000
     993.2   0.12137000
     993.0   0.12792000
     992.8   0.12274000
     992.6   0.12575000
     992.4   0.12120000
     992.2   0.11583000
     992.0   0.12725000
     991.8   0.14491000
     991.6   0.12390000
     991.4   0.12284000
     991.2   0.13066000
     991.0   0.11345000
     990.8   0.12770000
     990.6   0.13063000
     990.4   0.11797000
     990.2   0.12772000
     990.0   0.13294000
     989.8   0.12323000
     989.6   0.13099000
     989.4   0.12961000
     989.2   0.12049000
     989.0   0.12786000
     988.8   0.11623000
     988.6   0.12505000
     988.4   0.11475000
     988.2   0.11284000
     988.0   0.12836000
     987.8   0.11290000
     987.6   0.14191000
     987.4   0.13119000
     987.2   0.11498000
     987.0   0.11124000
     986.8   0.13551000
     986.6   0.14196000
     986.4   0.13273000
     986.2   0.13239000
     986.0   0.11819000
     985.8   0.11258000
     985.6   0.13709000
     985.4   0.12345000
     985.2   0.14379000
     985.0   0.12005000
     984.8   0.11408000
     984.6   0.14047000
     984.4   0.12254000
     984.2   0.14386000
     984.0   0.10815000
     983.8   0.12557000
     983.6   0.11458000
     983.4   0.13934000
     983.2   0.12942000
     983.0   0.13426000
     982.8   0.11799000
     982.6   0.14405000
     982.4   0.13394000
     982.2   0.13291000
     982.0   0.10713000
     981.8   0.12923000
     981.6   0.12081000
     981.4   0.12672000
     981.2   0.13165000
     981.0   0.12939000
     980.8   0.11606000
     980.6   0.12653000
     980.4   0.13569000
     980.2   0.11484000
     980.0   0.14764000
     979.8   0.12517000
     979.6   0.13140000
     979.4   0.13127000
     979.2   0.11350000
     979.0   0.11763000
     978.8   0.14203000
     978.6   0.10407000
     978.4   0.13312000
     978.2   0.10513000
     978.0   0.11739000
     977.8   0.10728000
     977.6   0.12847000
     977.4   0.13094000
     977.2   0.12057000
     977.0   0.11632000
     976.8   0.12011000
     976.6   0.12398000
     976.4   0.13752000
     976.2   0.12189000
     976.0   0.12635000
     975.8   0.14172000
     975.6   0.14212000
     975.4   0.11574000
     975.2   0.13193000
     975.0   0.14300000
     974.8   0.13663000
     974.6   0.11408000
     974.4   0.14706000
     974.2   0.12999000
     974.0   0.11477000
     973.8   0.13176000
     973.6   0.13036000
     973.4   0.13433000
     973.2   0.12071000
     973.0   0.12273000
     972.8   0.11433000
     972.6   0.13149000
     972.4   0.10561000
     972.2   0.12643000
     972.0   0.12197000
     971.8   0.14243000
     971.6   0.13308000
     971.4   0.13552000
     971.2   0.12509000
     971.0   0.12235000
     970.8   0.14757000
     970.6   0.11493000
     970.4   0.12083000
     970.2   0.13897000
     970.0   0.11960000
     969.8   0.13219000
     969.6   0.11515000
     969.4   0.12681000
     969.2   0.13451000
     969.0   0.12502000
     968.8   0.13787000
     968.6   0.11766000
     968.4   0.14081000
     968.2   0.11891000
     968.0   0.11044000
     967.8   0.13391000
     967.6   0.11989000
     967.4   0.12963000
     967.2   0.14588000
     967.0   0.13595000
     966.8   0.12270000
     966.6   0.12162000
     966.4   0.12819000
     966.2   0.10670000
     966.0   0.12648000
     965.8   0.13205000
     965.6   0.11809000
     965.4   0.13659000
     965.2   0.12859000
     965.0   0.11657000
     964.8   0.12521000
     964.6   0.11154000
     964.4   0.13298000
     964.2   0.13585000
     964.0   0.12093000
     963.8   0.12178000
     963.6   0.13008000
     963.4   0.13008000
     963.2   0.12390000
     963.0   0.12089000
     962.8   0.13595000
     962.6   0.13629000
     962.4   0.13664000
     962.2   0.13865000
     962.0   0.12455000
     961.8   0.11594000
     961.6   0.12076000
     961.4   0.13547000
     961.2   0.14282000
     961.0   0.13875000
     960.8   0.12502000
     960.6   0.10892000
     960.4   0.13875000
     960.2   0.11700000
     960.0   0.09776600
     959.8   0.11667000
     959.6   0.13202000
     959.4   0.11867000
     959.2   0.11792000
     959.0   0.13186000
     958.8   0.11501000
     958.6   0.11581000
     958.4   0.13096000
     958.2   0.14203000
     958.0   0.14974000
     957.8   0.11966000
     957.6   0.13608000
     957.4   0.12728000
     957.2   0.14213000
     957.0   0.10745000
     956.8   0.14981000
     956.6   0.12113000
     956.4   0.12304000
     956.2   0.14063000
     956.0   0.13807000
     955.8   0.12855000
     955.6   0.09963200
     955.4   0.11679000
     955.2   0.11379000
     955.0   0.11293000
     954.8   0.11637000
     954.6   0.13164000
     954.4   0.11533000
     954.2   0.13831000
     954.0   0.13959000
     953.8   0.14807000
     953.6   0.12725000
     953.4   0.12393000
     953.2   0.13447000
     953.0   0.10757000
     952.8   0.12780000
     952.6   0.12382000
     952.4   0.11513000
     952.2   0.10763000
     952.0   0.13004000
     951.8   0.14685000
     951.6   0.12459000
     951.4   0.11956000
     951.2   0.11672000
     951.0   0.11980000
     950.8   0.14878000
     950.6   0.11661000
     950.4   0.15133000
     950.2   0.10754000
     950.0   0.12899000
     949.8   0.11488000
     949.6   0.13863000
     949.4   0.11410000
     949.2   0.14888000
     949.0   0.14190000
     948.8   0.13258000
     948.6   0.12881000
     948.4   0.13939000
     948.2   0.14198000
     948.0   0.12754000
     947.8   0.13557000
     947.6   0.12218000
     947.4   0.12897000
     947.2   0.12462000
     947.0   0.13379000
     946.8   0.14593000
     946.6   0.12278000
     946.4   0.10332000
     946.2   0.12547000
     946.0   0.15310000
     945.8   0.13035000
     945.6   0.12616000
     945.4   0.12563000
     945.2   0.12608000
     945.0   0.13059000
     944.8   0.10936000
     944.6   0.14984000
     944.4   0.11709000
     944.2   0.12736000
     944.0   0.13822000
     943.8   0.13313000
     943.6   0.12392000
     943.4   0.13481000
     943.2   0.12919000
     943.0   0.10880000
     942.8   0.11324000
     942.6   0.13925000
     942.4   0.13477000
     942.2   0.13123000
     942.0   0.15045000
     941.8   0.15230000
     941.6   0.11229000
     941.4   0.12316000
     941.2   0.14888000
     941.0   0.11036000
     940.8   0.13803000
     940.6   0.13043000
     940.4   0.14719000
     940.2   0.12561000
     940.0   0.12908000
     939.8   0.14240000
     939.6   0.11415000
     939.4   0.13662000
     939.2   0.12925000
     939.0   0.14039000
     938.8   0.10750000
     938.6   0.14085000
     938.4   0.12475000
     938.2   0.12585000
     938.0   0.14467000
     937.8   0.10923000
     937.6   0.14054000
     937.4   0.11808000
     937.2   0.13569000
     937.0   0.14093000
     936.8   0.13780000
     936.6   0.12001000
     936.4   0.13487000
     936.2   0.11322000
     936.0   0.11530000
     935.8   0.14118000
     935.6   0.12115000
     935.4   0.11064000
     935.2   0.12455000
     935.0   0.13014000
     934.8   0.11086000
     934.6   0.12582000
     934.4   0.12161000
     934.2   0.11219000
     934.0   0.12330000
     933.8   0.11392000
     933.6   0.14758000
     933.4   0.11785000
     933.2   0.13671000
     933.0   0.12891000
     932.8   0.14449000
     932.6   0.13305000
     932.4   0.12989000
     932.2   0.12604000
     932.0   0.13146000
     931.8   0.14284000
     931.6   0.12097000
     931.4   0.12752000
     931.2   0.12628000
     931.0   0.12978000
     930.8   0.13654000
     930.6   0.12733000
     930.4   0.13104000
     930.2   0.11344000
     930.0   0.11740000
     929.8   0.12752000
     929.6   0.12806000
     929.4   0.13204000
     929.2   0.13408000
     929.0   0.14229000
     928.8   0.12578000
     928.6   0.13333000
     928.4   0.11142000
     928.2   0.13783000
     928.0   0.13252000
     927.8   0.10575000
     927.6   0.13757000
     927.4   0.12618000
     927.2   0.13678000
     927.0   0.11476000
     926.8   0.13326000
     926.6   0.14281000
     926.4   0.12640000
     926.2   0.13306000
     926.0   0.11834000
     925.8   0.12922000
     925.6   0.14761000
     925.4   0.12907000
     925.2   0.11700000
     925.0   0.13699000
     924.8   0.10223000
     924.6   0.10941000
     924.4   0.13687000
     924.2   0.11108000
     924.0   0.15630000
     923.8   0.11529000
     923.6   0.13286000
     923.4   0.12413000
     923.2   0.13917000
     923.0   0.13963000
     922.8   0.09013200
     922.6   0.13132000
     922.4   0.12655000
     922.2   0.10174000
     922.0   0.13129000
     921.8   0.10600000
     921.6   0.14422000
     921.4   0.12328000
     921.2   0.11119000
     921.0   0.12626000
     920.8   0.13560000
     920.6   0.13363000
     920.4   0.12821000
     920.2   0.09694800
     920.0   0.13354000
     919.8   0.16354000
     919.6   0.12965000
     919.4   0.11653000
     919.2   0.12399000
     919.0   0.11851000
     918.8   0.12679000
     918.6   0.14349000
     918.4   0.12768000
     918.2   0.14609000
     918.0   0.12820000
     917.8   0.12141000
     917.6   0.13144000
     917.4   0.14099000
     917.2   0.12223000
     917.0   0.13103000
     916.8   0.11316000
     916.6   0.13488000
     916.4   0.12954000
     916.2   0.14110000
     916.0   0.12393000
     915.8   0.13025000
     915.6   0.10329000
     915.4   0.11833000
     915.2   0.13736000
     915.0   0.12536000
     914.8   0.13600000
     914.6   0.13119000
     914.4   0.14605000
     914.2   0.13273000
     914.0   0.14427000
     913.8   0.13654000
     913.6   0.11097000
     913.4   0.14485000
     913.2   0.14331000
     913.0   0.11852000
     912.8   0.14120000
     912.6   0.13368000
     912.4   0.12010000
     912.2   0.12461000
     912.0   0.12565000
     911.8   0.12992000
     911.6   0.12864000
     911.4   0.12359000
     911.2   0.14011000
     911.0   0.11784000
     910.8   0.14162000
     910.6   0.11441000
     910.4   0.14144000
     910.2   0.12573000
     910.0   0.11581000
     909.8   0.14896000
     909.6   0.11605000
     909.4   0.12169000
     909.2   0.11460000
     909.0   0.12289000
     908.8   0.13698000
     908.6   0.12753000
     908.4   0.13136000
     908.2   0.15039000
     908.0   0.13799000
     907.8   0.12582000
     907.6   0.12779000
     907.4   0.12160000
     907.2   0.11445000
     907.0   0.13127000
     906.8   0.12240000
     906.6   0.12886000
     906.4   0.11434000
     906.2   0.15679000
     906.0   0.12042000
     905.8   0.14890000
     905.6   0.13411000
     905.4   0.12908000
     905.2   0.11285000
     905.0   0.15343000
     904.8   0.12294000
     904.6   0.10777000
     904.4   0.14096000
     904.2   0.12818000
     904.0   0.12755000
     903.8   0.12351000
     903.6   0.11153000
     903.4   0.10303000
     903.2   0.13872000
     903.0   0.13245000
     902.8   0.13866000
     902.6   0.14012000
     902.4   0.11446000
     902.2   0.14307000
     902.0   0.11888000
     901.8   0.14105000
     901.6   0.12542000
     901.4   0.14116000
     901.2   0.12556000
     901.0   0.12784000
     900.8   0.11276000
     900.6   0.13774000
     900.4   0.13524000
     900.2   0.12649000
     900.0   0.11872000
     899.8   0.10288000
     899.6   0.13660000
     899.4   0.13092000
     899.2   0.11257000
     899.0   0.13112000
     898.8   0.14953000
     898.6   0.13812000
     898.4   0.13566000
     898.2   0.11860000
     898.0   0.11959000
     897.8   0.13984000
     897.6   0.13044000
     897.4   0.13294000
     897.2   0.12563000
     897.0   0.14178000
     896.8   0.13447000
     896.6   0.12578000
     896.4   0.11138000
     896.2   0.12179000
     896.0   0.13697000
     895.8   0.13422000
     895.6   0.12667000
     895.4   0.13202000
     895.2   0.12674000
     895.0   0.11082000
     894.8   0.11972000
     894.6   0.12313000
     894.4   0.11342000
     894.2   0.12662000
     894.0   0.12639000
     893.8   0.12449000
     893.6   0.14896000
     893.4   0.11658000
     893.2   0.14644000
     893.0   0.14423000
     892.8   0.12229000
     892.6   0.14282000
     892.4   0.11307000
     892.2   0.11691000
     892.0   0.12524000
     891.8   0.12582000
     891.6   0.11053000
     891.4   0.12002000
     891.2   0.14884000
     891.0   0.13734000
     890.8   0.13499000
     890.6   0.13399000
     890.4   0.14367000
     890.2   0.12576000
     890.0   0.12208000
     889.8   0.14449000
     889.6   0.12631000
     889.4   0.12611000
     889.2   0.12797000
     889.0   0.13220000
     888.8   0.13371000
     888.6   0.12763000
     888.4   0.13140000
     888.2   0.12129000
     888.0   0.12694000
     887.8   0.13677000
     887.6   0.12337000
     887.4   0.11042000
     887.2   0.12623000
     887.0   0.13705000
     886.8   0.14093000
     886.6   0.13690000
     886.4   0.13393000
     886.2   0.13086000
     886.0   0.11569000
     885.8   0.12299000
     885.6   0.11845000
     885.4   0.13492000
     885.2   0.11301000
     885.0   0.12383000
     884.8   0.11822000
     884.6   0.11182000
     884.4   0.12329000
     884.2   0.11750000
     884.0   0.12491000
     883.8   0.16504000
     883.6   0.12770000
     883.4   0.11874000
     883.2   0.14277000
     883.0   0.13084000
     882.8   0.12950000
     882.6   0.12873000
     882.4   0.13737000
     882.2   0.12877000
     882.0   0.11397000
     881.8   0.11996000
     881.6   0.12214000
     881.4   0.11180000
     881.2   0.12767000
     881.0   0.13087000
     880.8   0.13541000
     880.6   0.12865000
     880.4   0.12214000
     880.2   0.12739000
     880.0   0.12350000
     879.8   0.13658000
     879.6   0.15392000
     879.4   0.12852000
     879.2   0.13197000
     879.0   0.12183000
     878.8   0.14769000
     878.6   0.14772000
     878.4   0.11433000
     878.2   0.13567000
     878.0   0.13371000
     877.8   0.14192000
     877.6   0.13809000
     877.4   0.12909000
     877.2   0.10957000
     877.0   0.12292000
     876.8   0.12196000
     876.6   0.12704000
     876.4   0.10993000
     876.2   0.10454000
     876.0   0.12898000
     875.8   0.12144000
     875.6   0.12474000
     875.4   0.13336000
     875.2   0.14810000
     875.0   0.13150000
     874.8   0.11120000
     874.6   0.11691000
     874.4   0.11254000
     874.2   0.10919000
     874.0   0.13272000
     873.8   0.13804000
     873.6   0.12290000
     873.4   0.10590000
     873.2   0.11941000
     873.0   0.11190000
     872.8   0.11662000
     872.6   0.12621000
     872.4   0.13258000
     872.2   0.13727000
     872.0   0.13031000
     871.8   0.14626000
     871.6   0.12297000
     871.4   0.12409000
     871.2   0.11748000
     871.0   0.13340000
     870.8   0.12337000
     870.6   0.11058000
     870.4   0.11699000
     870.2   0.13311000
     870.0   0.10817000
     869.8   0.12554000
     869.6   0.13516000
     869.4   0.13871000
     869.2   0.10924000
     869.0   0.14398000
     868.8   0.12631000
     868.6   0.12807000
     868.4   0.12938000
     868.2   0.12563000
     868.0   0.12192000
     867.8   0.12421000
     867.6   0.13967000
     867.4   0.14255000
     867.2   0.13244000
     867.0   0.13473000
     866.8   0.13747000
     866.6   0.13791000
     866.4   0.11398000
     866.2   0.12345000
     866.0   0.12161000
     865.8   0.13051000
     865.6   0.09908300
     865.4   0.12063000
     865.2   0.14036000
     865.0   0.13767000
     864.8   0.10805000
     864.6   0.11979000
     864.4   0.11382000
     864.2   0.12696000
     864.0   0.10524000
     863.8   0.11199000
     863.6   0.12706000
     863.4   0.11994000
     863.2   0.13369000
     863.0   0.12929000
     862.8   0.13196000
     862.6   0.11690000
     862.4   0.09735000
     862.2   0.14299000
     862.0   0.13719000
     861.8   0.12096000
     861.6   0.13072000
     861.4   0.11355000
     861.2   0.12010000
     861.0   0.14034000
     860.8   0.12415000
     860.6   0.11504000
     860.4   0.13144000
     860.2   0.13050000
     860.0   0.12148000
     859.8   0.11451000
     859.6   0.13198000
     859.4   0.11517000
     859.2   0.11859000
     859.0   0.15226000
     858.8   0.11979000
     858.6   0.11641000
     858.4   0.13188000
     858.2   0.09856800
     858.0   0.11783000
     857.8   0.13000000
     857.6   0.15029000
     857.4   0.12249000
     857.2   0.14005000
     857.0   0.14315000
     856.8   0.12877000
     856.6   0.13105000
     856.4   0.12869000
     856.2   0.11947000
     856.0   0.11368000
     855.8   0.13815000
     855.6   0.12540000
     855.4   0.11632000
     855.2   0.13619000
     855.0   0.12105000
     854.8   0.12589000
     854.6   0.12683000
     854.4   0.11652000
     854.2   0.11638000
     854.0   0.13066000
     853.8   0.10635000
     853.6   0.12334000
     853.4   0.10980000
     853.2   0.13460000
     853.0   0.11772000
     852.8   0.13095000
     852.6   0.12630000
     852.4   0.11230000
     852.2   0.11763000
     852.0   0.11057000
     851.8   0.10715000
     851.6   0.13332000
     851.4   0.11922000
     851.2   0.14734000
     851.0   0.12078000
     850.8   0.12543000
     850.6   0.11655000
     850.4   0.13241000
     850.2   0.11478000
     850.0   0.13094000
     849.8   0.12321000
     849.6   0.12386000
     849.4   0.11904000
     849.2   0.14209000
     849.0   0.13597000
     848.8   0.10283000
     848.6   0.15089000
     848.4   0.11934000
     848.2   0.11901000
     848.0   0.11791000
     847.8   0.13145000
     847.6   0.11933000
     847.4   0.11951000
     847.2   0.13337000
     847.0   0.12477000
     846.8   0.13001000
     846.6   0.12062000
     846.4   0.11687000
     846.2   0.09641300
     846.0   0.11878000
     845.8   0.13604000
     845.6   0.11157000
     845.4   0.14176000
     845.2   0.10921000
     845.0   0.12911000
     844.8   0.13760000
     844.6   0.12399000
     844.4   0.11204000
     844.2   0.13967000
     844.0   0.14946000
     843.8   0.10596000
     843.6   0.13590000
     843.4   0.12684000
     843.2   0.12889000
     843.0   0.11895000
     842.8   0.13048000
     842.6   0.10062000
     842.4   0.14317000
     842.2   0.12557000
     842.0   0.12931000
     841.8   0.10791000
     841.6   0.12719000
     841.4   0.09661100
     841.2   0.12129000
     841.0   0.13777000
     840.8   0.12838000
     840.6   0.11341000
     840.4   0.13023000
     840.2   0.12749000
     840.0   0.12087000
     839.8   0.13731000
     839.6   0.10750000
     839.4   0.14007000
     839.2   0.12128000
     839.0   0.12219000
     838.8   0.12567000
     838.6   0.15192000
     838.4   0.12835000
     838.2   0.11155000
     838.0   0.13212000
     837.8   0.10217000
     837.6   0.12777000
     837.4   0.10427000
     837.2   0.13524000
     837.0   0.11126000
     836.8   0.14306000
     836.6   0.14934000
     836.4   0.11344000
     836.2   0.11756000
     836.0   0.12680000
     835.8   0.12817000
     835.6   0.13240000
     835.4   0.10747000
     835.2   0.15057000
     835.0   0.11422000
     834.8   0.11620000
     834.6   0.12536000
     834.4   0.10729000
     834.2   0.12338000
     834.0   0.12119000
     833.8   0.12064000
     833.6   0.13030000
     833.4   0.13087000
     833.2   0.14156000
     833.0   0.12528000
     832.8   0.13322000
     832.6   0.11888000
     832.4   0.12789000
     832.2   0.13112000
     832.0   0.14588000
     831.8   0.08859500
     831.6   0.11766000
     831.4   0.12059000
     831.2   0.12689000
     831.0   0.11403000
     830.8   0.12210000
     830.6   0.12720000
     830.4   0.12676000
     830.2   0.12765000
     830.0   0.11608000
     829.8   0.12580000
     829.6   0.12806000
     829.4   0.10216000
     829.2   0.11623000
     829.0   0.11903000
     828.8   0.12840000
     828.6   0.13687000
     828.4   0.12251000
     828.2   0.11926000
     828.0   0.13447000
     827.8   0.12372000
     827.6   0.14392000
     827.4   0.11589000
     827.2   0.14449000
     827.0   0.14109000
     826.8   0.10472000
     826.6   0.10828000
     826.4   0.13036000
     826.2   0.12876000
     826.0   0.10781000
     825.8   0.11706000
     825.6   0.13363000
     825.4   0.11602000
     825.2   0.11054000
     825.0   0.11594000
     824.8   0.13059000
     824.6   0.12419000
     824.4   0.10871000
     824.2   0.12877000
     824.0   0.14047000
     823.8   0.13953000
     823.6   0.13461000
     823.4   0.10806000
     823.2   0.11450000
     823.0   0.14056000
     822.8   0.10586000
     822.6   0.12446000
     822.4   0.13449000
     822.2   0.09636100
     822.0   0.12081000
     821.8   0.11159000
     821.6   0.14064000
     821.4   0.12483000
     821.2   0.11202000
     821.0   0.12360000
     820.8   0.12849000
     820.6   0.12543000
     820.4   0.10385000
     820.2   0.12377000
     820.0   0.14384000
     819.8   0.10986000
     819.6   0.12659000
     819.4   0.12545000
     819.2   0.13456000
     819.0   0.12046000
     818.8   0.11130000
     818.6   0.13332000
     818.4   0.11604000
     818.2   0.12380000
     818.0   0.12677000
     817.8   0.11762000
     817.6   0.14050000
     817.4   0.11750000
     817.2   0.13319000
     817.0   0.12184000
     816.8   0.12060000
     816.6   0.13328000
     816.4   0.11961000
     816.2   0.12930000
     816.0   0.10705000
     815.8   0.12555000
     815.6   0.12557000
     815.4   0.11117000
     815.2   0.11751000
     815.0   0.11651000
     814.8   0.11919000
     814.6   0.13143000
     814.4   0.11670000
     814.2   0.13261000
     814.0   0.12248000
     813.8   0.12243000
     813.6   0.12431000
     813.4   0.12816000
     813.2   0.11765000
     813.0   0.12520000
     812.8   0.12085000
     812.6   0.10993000
     812.4   0.12801000
     812.2   0.09988300
     812.0   0.13979000
     811.8   0.13115000
     811.6   0.12009000
     811.4   0.12004000
     811.2   0.12628000
     811.0   0.12781000
     810.8   0.14757000
     810.6   0.09984700
     810.4   0.13935000
     810.2   0.13216000
     810.0   0.13362000
     809.8   0.13550000
     809.6   0.12817000
     809.4   0.11139000
     809.2   0.12434000
     809.0   0.12062000
     808.8   0.12126000
     808.6   0.11728000
     808.4   0.13146000
     808.2   0.11975000
     808.0   0.11041000
     807.8   0.11144000
     807.6   0.11641000
     807.4   0.15106000
     807.2   0.12569000
     807.0   0.14515000
     806.8   0.13761000
     806.6   0.12834000
     806.4   0.11056000
     806.2   0.12524000
     806.0   0.11374000
     805.8   0.14204000
     805.6   0.13491000
     805.4   0.13860000
     805.2   0.11510000
     805.0   0.12402000
     804.8   0.13081000
     804.6   0.13174000
     804.4   0.12924000
     804.2   0.11932000
     804.0   0.14762000
     803.8   0.11696000
     803.6   0.13647000
     803.4   0.12023000
     803.2   0.12129000
     803.0   0.14365000
     802.8   0.11810000
     802.6   0.11611000
     802.4   0.11480000
     802.2   0.13202000
     802.0   0.11984000
     801.8   0.12971000
     801.6   0.13595000
     801.4   0.13337000
     801.2   0.12113000
     801.0   0.12988000
     800.8   0.09125700
     800.6   0.12229000
     800.4   0.11712000
     800.2   0.11787000
     800.0   0.14430000
     799.8  -0.00130290
     799.6  -0.00301180
     799.4  -0.00062837
     799.2  -0.00046140
     799.0   0.00238600
     798.8  -0.00611710
     798.6   0.00461350
     798.4   0.00531350
     798.2   0.00185780
     798.0   0.00169810
     797.8   0.00234360
     797.6  -0.00347500
     797.4   0.00022492
     797.2  -0.00365070
     797.0   0.00267390
     796.8  -0.00343420
     796.6  -0.00263480
     796.4  -0.00115130
     796.2   0.00166900
     796.0  -0.00038816
     795.8  -0.00099970
     795.6   0.00640530
     795.4  -0.00116580
     795.2  -0.00039794
     795.0   0.00066022
     794.8  -0.00219320
     794.6   0.00175010
     794.4  -0.00502340
     794.2  -0.00138530
     794.0   0.00194420
     793.8  -0.00279520
     793.6   0.00633500
     793.4  -0.00198260
     793.2  -0.00033573
     793.0   0.00066902
     792.8   0.00207330
     792.6  -0.00019853
     792.4  -0.00236500
     792.2   0.00041389
     792.0   0.00130060
     791.8   0.00215160
     791.6   0.00568540
     791.4  -0.00220430
     791.2   0.00146870
     791.0   0.00161120
     790.8   0.00395750
     790.6  -0.00167480
     790.4  -0.00153370
     790.2   0.00119160
     790.0   0.00109850
     789.8  -0.00167370
     789.6   0.00224760
     789.4  -0.00170680
     789.2   0.00298690
     789.0  -0.00050768
     788.8   0.00070133
     788.6   0.00067076
     788.4   0.00320250
     788.2   0.00085200
     788.0  -0.00104760
     787.8  -0.00062367
     787.6   0.00463640
     787.4  -0.00179520
     787.2   0.00083516
     787.0   0.00222510
     786.8  -0.00086648
     786.6  -0.00126880
     786.4  -0.00060811
     786.2  -0.00090383
     786.0   0.00032586
     785.8  -0.00092273
     785.6   0.00266510
     785.4  -0.00159380
     785.2  -0.00241530
     785.0  -0.00576280
     784.8   0.00054370
     784.6  -0.00162460
     784.4  -0.00063347
     784.2   0.00085136
     784.0   0.00214460
     783.8   0.00362400
     783.6   0.00050220
     783.4  -0.00281000
     783.2  -0.00178980
     783.0  -0.00114120
     782.8  -0.00014510
     782.6  -0.00012308
     782.4  -0.00004880
     782.2  -0.00220970
     782.0   0.00285610
     781.8  -0.00279900
     781.6  -0.00110420
     781.4  -0.00031651
     781.2   0.00189630
     781.0  -0.00060541
     780.8   0.00311120
     780.6  -0.00267700
     780.4   0.00498420
     780.2  -0.00237490
     780.0  -0.00219210
     779.8  -0.00151800
     779.6  -0.00308650
     779.4  -0.00219380
     779.2   0.00399960
     779.0  -0.00001560
     778.8  -0.00100880
     778.6  -0.00515960
     778.4  -0.00401190
     778.2   0.00254520
     778.0  -0.00296390
     777.8  -0.00024394
     777.6   0.00035073
     777.4  -0.00224320
     777.2  -0.00300410
     777.0   0.00620910
     776.8  -0.00212550
     776.6  -0.00115350
     776.4   0.00130350
     776.2   0.00158340
     776.0   0.00109240
     775.8   0.00328210
     775.6   0.00500860
     775.4   0.00325710
     775.2  -0.00370350
     775.0  -0.00159750
     774.8   0.00144020
     774.6  -0.00118070
     774.4   0.00000766
     774.2   0.00112410
     774.0   0.00074386
     773.8  -0.00106920
     773.6   0.00066009
     773.4   0.00185350
     773.2   0.00292670
     773.0   0.00170020
     772.8  -0.00634570
     772.6  -0.00440490
     772.4   0.00137370
     772.2  -0.00076469
     772.0  -0.00018421
     771.8   0.00510260
     771.6   0.00179900
     771.4   0.00023984
     771.2   0.00320130
     771.0  -0.00198290
     770.8  -0.00014134
     770.6   0.00321260
     770.4   0.00117130
     770.2   0.00260540
     770.0   0.00009150
     769.8  -0.00109020
     769.6   0.00056456
     769.4   0.00217230
     769.2  -0.00065067
     769.0   0.00214030
     768.8   0.00201350
     768.6  -0.00064954
     768.4  -0.00263700
     768.2   0.00313110
     768.0  -0.00089745
     767.8   0.00183110
     767.6   0.00238090
     767.4   0.00365800
     767.2   0.00078426
     767.0  -0.00006700
     766.8   0.00114560
     766.6   0.00222580
     766.4   0.00280460
     766.2  -0.00209340
     766.0   0.00058887
     765.8   0.00174130
     765.6  -0.00002070
     765.4  -0.00121430
     765.2  -0.00111020
     765.0   0.00655620
     764.8   0.00315360
     764.6   0.00032781
     764.4   0.00194540
     764.2   0.00093678
     764.0   0.00419280
     763.8  -0.00091600
     763.6  -0.00132480
     763.4   0.00464900
     763.2  -0.00029812
     763.0   0.00167490
     762.8   0.00128000
     762.6   0.00016397
     762.4   0.00072391
     762.2   0.00027049
     762.0   0.00198780
     761.8   0.00135530
     761.6   0.00446620
     761.4   0.00170250
     761.2  -0.00295580
     761.0  -0.00209210
     760.8   0.00065023
     760.6  -0.00251060
     760.4  -0.00307740
     760.2   0.00298330
     760.0  -0.00017304
     759.8  -0.00059060
     759.6   0.00078037
     759.4  -0.00104620
     759.2   0.00165090
     759.0   0.00431230
     758.8   0.00146760
     758.6  -0.00234550
     758.4  -0.00266010
     758.2  -0.00525990
     758.0  -0.00146410
     757.8   0.00027626
     757.6  -0.00149400
     757.4   0.00005700
     757.2   0.00330650
     757.0   0.00499460
     756.8   0.00341580
     756.6  -0.00234220
     756.4   0.00135130
     756.2   0.00336930
     756.0  -0.00116990
     755.8   0.00064965
     755.6   0.00407120
     755.4  -0.00116950
     755.2   0.00174480
     755.0   0.00108980
     754.8  -0.00416760
     754.6   0.00004450
     754.4   0.00269960
     754.2   0.00033656
     754.0  -0.00116620
     753.8   0.00079593
     753.6   0.00187420
     753.4  -0.00107610
     753.2   0.00157550
     753.0   0.00124860
     752.8   0.00216350
     752.6  -0.00217850
     752.4  -0.00461110
     752.2   0.00193350
     752.0  -0.00473110
     751.8   0.00104270
     751.6   0.00094391
     751.4   0.00178980
     751.2   0.00199960
     751.0   0.00484890
     750.8  -0.00517310
     750.6   0.00083717
     750.4  -0.00147520
     750.2   0.00231320
     750.0   0.00159140
     749.8  -0.00170280
     749.6  -0.00189230
     749.4   0.00024863
     749.2   0.00325050
     749.0   0.00213400
     748.8  -0.00004990
     748.6   0.00012563
     748.4   0.00508910
     748.2   0.00044791
     748.0   0.00223240
     747.8   0.00109560
     747.6   0.00306160
     747.4  -0.00192490
     747.2   0.00328250
     747.0   0.00201580
     746.8   0.00185720
     746.6   0.00211280
     746.4  -0.00091838
     746.2  -0.00147110
     746.0  -0.00045338
     745.8  -0.00390980
     745.6   0.00220160
     745.4   0.00451820
     745.2   0.00023816
     745.0   0.00244200
     744.8   0.00336800
     744.6  -0.00247850
     744.4   0.00122760
     744.2   0.00166540
     744.0  -0.00155630
     743.8   0.00217460
     743.6  -0.00310660
     743.4  -0.00379210
     743.2  -0.00306260
     743.0   0.00133300
     742.8   0.00034447
     742.6   0.00078254
     742.4   0.00059338
     742.2   0.00113730
     742.0   0.00408840
     741.8  -0.00239360
     741.6   0.00119550
     741.4  -0.00173740
     741.2   0.00067390
     741.0   0.00122530
     740.8   0.00277490
     740.6  -0.00061909
     740.4  -0.00105910
     740.2  -0.00048724
     740.0   0.00217350
     739.8   0.00026080
     739.6   0.00207710
     739.4  -0.00182440
     739.2   0.00229500
     739.0  -0.00038617
     738.8   0.00089269
     738.6  -0.00519420
     738.4   0.00206920
     738.2   0.00236610
     738.0  -0.00250690
     737.8  -0.00187280
     737.6   0.00485330
     737.4   0.00387560
     737.2   0.00127000
     737.0  -0.00200570
     736.8   0.00135850
     736.6   0.00367900
     736.4   0.00329830
     736.2   0.00251890
     736.0   0.00094340
     735.8  -0.00173140
     735.6   0.00022835
     735.4   0.00268570
     735.2   0.00295370
     735.0   0.00162720
     734.8   0.00132810
     734.6   0.00473430
     734.4   0.00069219
     734.2   0.00187440
     734.0   0.00252210
     733.8   0.00129600
     733.6   0.00008800
     733.4  -0.00017229
     733.2   0.00499900
     733.0  -0.00115280
     732.8  -0.00514960
     732.6   0.00139070
     732.4  -0.00044286
     732.2   0.00078078
     732.0  -0.00126710
     731.8   0.00203220
     731.6   0.00037175
     731.4  -0.00242010
     731.2   0.00214290
     731.0  -0.00034073
     730.8   0.00213390
     730.6   0.00048646
     730.4  -0.00272520
     730.2   0.00089327
     730.0  -0.00110220
     729.8  -0.00213680
     729.6   0.00290300
     729.4  -0.00436550
     729.2  -0.00556590
     729.0   0.00038070
     728.8  -0.00287320
     728.6  -0.00064892
     728.4  -0.00590630
     728.2  -0.00172250
     728.0  -0.00423850
     727.8  -0.00003480
     727.6  -0.00045970
     727.4  -0.00086840
     727.2   0.00006530
     727.0  -0.00180890
     726.8   0.00426060
     726.6  -0.00112410
     726.4   0.00481760
     726.2   0.00328430
     726.0   0.00304420
     725.8  -0.00109370
     725.6   0.00171710
     725.4   0.00098974
     725.2   0.00232530
     725.0  -0.00058973
     724.8   0.00149500
     724.6  -0.00582570
     724.4  -0.00325970
     724.2  -0.00077449
     724.0  -0.00060556
     723.8   0.00313330
     723.6   0.00105450
     723.4   0.00363310
     723.2   0.00121510
     723.0   0.00126410
     722.8   0.00348350
     722.6  -0.00286110
     722.4  -0.00300290
     722.2   0.00050016
     722.0   0.00153610
     721.8   0.00100860
     721.6  -0.00229930
     721.4  -0.00317710
     721.2   0.00260780
     721.0  -0.00114150
     720.8   0.00125790
     720.6  -0.00517620
     720.4   0.00212030
     720.2  -0.00104810
     720.0  -0.00312400
     719.8  -0.00006540
     719.6   0.00175660
     719.4  -0.00128900
     719.2   0.00008580
     719.0  -0.00130200
     718.8   0.00106430
     718.6   0.00201020
     718.4  -0.00236750
     718.2   0.00622190
     718.0   0.00204690
     717.8   0.00253480
     717.6   0.00252190
     717.4   0.00156210
     717.2  -0.00126940
     717.0   0.00197970
     716.8   0.00048184
     716.6  -0.00137330
     716.4   0.00101150
     716.2  -0.00267020
     716.0   0.00272560
     715.8  -0.00125490
     715.6   0.00222010
     715.4   0.00131370
     715.2   0.00147020
     715.0   0.00038404
     714.8  -0.00361950
     714.6  -0.00018811
     714.4  -0.00319710
     714.2   0.00472370
     714.0   0.00022493
     713.8  -0.00044420
     713.6  -0.00004620
     713.4  -0.00166780
     713.2   0.00225560
     713.0   0.00049811
     712.8   0.00007800
     712.6   0.00129820
     712.4  -0.00347520
     712.2   0.00593590
     712.0  -0.00114310
     711.8  -0.00027858
     711.6   0.00578270
     711.4  -0.00227880
     711.2  -0.00130740
     711.0  -0.00171510
     710.8  -0.00018836
     710.6  -0.00194030
     710.4  -0.00222250
     710.2  -0.00101600
     710.0  -0.00057778
     709.8  -0.00084282
     709.6  -0.00081865
     709.4   0.00011341
     709.2   0.00225050
     709.0   0.00177550
     708.8  -0.00070003
     708.6  -0.00290960
     708.4  -0.00051377
     708.2  -0.00276000
     708.0  -0.00090908
     707.8  -0.00154920
     707.6   0.00033534
     707.4  -0.00032009
     707.2  -0.00060575
     707.0   0.00107220
     706.8  -0.00177970
     706.6   0.00258480
     706.4   0.00010382
     706.2  -0.00141240
     706.0   0.00439130
     705.8  -0.00196590
     705.6   0.00077411
     705.4   0.00115620
     705.2  -0.00041494
     705.0   0.00127680
     704.8  -0.00188380
     704.6  -0.00132660
     704.4   0.00226090
     704.2  -0.00285970
     704.0   0.00151790
     703.8  -0.00057222
     703.6   0.00046404
     703.4  -0.00117050
     703.2   0.00175740
     703.0  -0.00296620
     702.8   0.00422390
     702.6   0.00145780
     702.4  -0.00249300
     702.2   0.00091862
     702.0   0.00062508
     701.8  -0.00047031
     701.6  -0.00082310
     701.4  -0.00138290
     701.2   0.00061375
     701.0  -0.00084165
     700.8   0.00515310
     700.6   0.00167910
     700.4   0.00011844
     700.2   0.00178280
     700.0   0.00199560
     699.8   0.00038806
     699.6  -0.00040716
     699.4   0.00081376
     699.2   0.00214480
     699.0  -0.00102850
     698.8   0.00299710
     698.6  -0.00102280
     698.4  -0.00015630
     698.2   0.00063938
     698.0   0.00170940
     697.8  -0.00193240
     697.6  -0.00203620
     697.4  -0.00021265
     697.2   0.00022691
     697.0   0.00178850
     696.8  -0.00082175
     696.6   0.00229340
     696.4   0.00232620
     696.2  -0.00184910
     696.0  -0.00104210
     695.8  -0.00043697
     695.6  -0.00083172
     695.4   0.00106150
     695.2   0.00398130
     695.0  -0.00029839
     694.8  -0.00123710
     694.6   0.00067531
     694.4   0.00103410
     694.2   0.00264960
     694.0  -0.00217930
     693.8   0.00144400
     693.6   0.00250990
     693.4  -0.00257920
     693.2  -0.00291550
     693.0   0.00220800
     692.8   0.00270700
     692.6   0.00062716
     692.4   0.00073577
     692.2   0.00034559
     692.0  -0.00350060
     691.8   0.00448050
     691.6   0.00049532
     691.4  -0.00037065
     691.2  -0.00307290
     691.0  -0.00058294
     690.8   0.00268680
     690.6  -0.00328080
     690.4   0.00035729
     690.2  -0.00015805
     690.0  -0.00134560
     689.8  -0.00176320
     689.6   0.00340350
     689.4   0.00075824
     689.2   0.00113520
     689.0  -0.00098297
     688.8   0.00152150
     688.6  -0.00019206
     688.4   0.00104880
     688.2   0.00025348
     688.0  -0.00050708
     687.8  -0.00402000
     687.6  -0.00020094
     687.4   0.00123400
     687.2  -0.00074691
     687.0  -0.00369760
     686.8  -0.00141960
     686.6   0.00184670
     686.4  -0.00316500
     686.2   0.00009790
     686.0  -0.00416650
     685.8   0.00365530
     685.6  -0.00126490
     685.4   0.00048645
     685.2   0.00268190
     685.0   0.00125940
     684.8   0.00061088
     684.6  -0.00083188
     684.4   0.00015535
     684.2  -0.00006180
     684.0   0.00131010
     683.8   0.00228390
     683.6  -0.00004970
     683.4   0.00093985
     683.2  -0.00231350
     683.0   0.00349410
     682.8   0.00240240
     682.6  -0.00175460
     682.4   0.00011273
     682.2   0.00262360
     682.0   0.00140770
     681.8   0.00138260
     681.6   0.00557680
     681.4  -0.00160950
     681.2   0.00251650
     681.0  -0.00030668
     680.8  -0.00245310
     680.6  -0.00153980
     680.4   0.00158880
     680.2  -0.00166060
     680.0  -0.00322480
     679.8   0.00051913
     679.6   0.00036045
     679.4   0.00130220
     679.2   0.00224920
     679.0  -0.00027950
     678.8  -0.00096962
     678.6  -0.00201400
     678.4   0.00103180
     678.2   0.00367470
     678.0   0.00176760
     677.8  -0.00003750
     677.6  -0.00107120
     677.4   0.00088449
     677.2   0.00092128
     677.0  -0.00417510
     676.8   0.00101690
     676.6   0.00283020
     676.4   0.00724930
     676.2   0.00184300
     676.0   0.00023836
     675.8  -0.00189940
     675.6   0.00192410
     675.4   0.00167890
     675.2   0.00125960
     675.0  -0.00173550
     674.8  -0.00042087
     674.6   0.00423420
     674.4   0.00257520
     674.2   0.00151270
     674.0   0.00081413
     673.8   0.00180170
     673.6   0.00395140
     673.4  -0.00108840
     673.2   0.00086029
     673.0  -0.00303980
     672.8  -0.00545640
     672.6  -0.00000424
     672.4   0.00065011
     672.2  -0.00177110
     672.0  -0.00043064
     671.8   0.00182190
     671.6   0.00049838
     671.4  -0.00082626
     671.2  -0.00197040
     671.0  -0.00054839
     670.8   0.00162110
     670.6  -0.00155630
     670.4   0.00144680
     670.2   0.00054216
     670.0   0.00063025
     669.8   0.00008970
     669.6   0.00133870
     669.4  -0.00296310
     669.2  -0.00135650
     669.0   0.00194140
     668.8  -0.00331840
     668.6  -0.00134970
     668.4   0.00155620
     668.2   0.00283340
     668.0  -0.00418180
     667.8  -0.00337260
     667.6  -0.00029521
     667.4   0.00133710
     667.2  -0.00033992
     667.0  -0.00009540
     666.8  -0.00013950
     666.6   0.00344460
     666.4   0.00342560
     666.2   0.00225240
     666.0  -0.00438500
     665.8   0.00313010
     665.6  -0.00183700
     665.4  -0.00512510
     665.2  -0.00249840
     665.0   0.00176570
     664.8   0.00120470
     664.6  -0.00219290
     664.4   0.00143660
     664.2   0.00179510
     664.0  -0.00539510
     663.8   0.00166920
     663.6   0.00291760
     663.4   0.00130090
     663.2  -0.00318570
     663.0   0.00113910
     662.8  -0.00042838
     662.6  -0.00095411
     662.4  -0.00015819
     662.2  -0.00108960
     662.0   0.00355510
     661.8  -0.00094818
     661.6  -0.00343290
     661.4   0.00033702
     661.2  -0.00043140
     661.0  -0.00492620
     660.8   0.00160140
     660.6  -0.00188770
     660.4   0.00091849
     660.2   0.00035488
     660.0   0.00088285
     659.8  -0.00187780
     659.6  -0.00007700
     659.4   0.00334590
     659.2  -0.00169750
     659.0  -0.00001780
     658.8   0.00158820
     658.6   0.00299660
     658.4   0.00132720
     658.2   0.00292000
     658.0   0.00179100
     657.8  -0.00111850
     657.6   0.00154450
     657.4   0.00234310
     657.2  -0.00464800
     657.0  -0.00225250
     656.8  -0.00108350
     656.6   0.00252920
     656.4   0.00108720
     656.2   0.00186640
     656.0   0.00213090
     655.8  -0.00207450
     655.6  -0.00162270
     655.4  -0.00189480
     655.2  -0.00055224
     655.0  -0.00138310
     654.8   0.00060494
     654.6   0.00114250
     654.4   0.00635780
     654.2   0.00307690
     654.0  -0.00541500
     653.8   0.00151690
     653.6  -0.00216150
     653.4  -0.00181620
     653.2   0.00016091
     653.0   0.00035625
     652.8  -0.00086836
     652.6  -0.00088728
     652.4   0.00061032
     652.2  -0.00332840
     652.0  -0.00029660
     651.8  -0.00107710
     651.6   0.00256190
     651.4   0.00242140
     651.2  -0.00106450
     651.0   0.00022769
     650.8   0.00057392
     650.6  -0.00013658
     650.4   0.00157230
     650.2   0.00156180
     650.0   0.00184390
     649.8   0.00037827
     649.6   0.00275540
     649.4  -0.00054284
     649.2  -0.00092061
     649.0  -0.00197380
     648.8  -0.00041021
     648.6  -0.00234840
     648.4  -0.00015284
     648.2   0.00323840
     648.0  -0.00533550
     647.8   0.00021306
     647.6   0.00080688
     647.4   0.00536060
     647.2  -0.00030093
     647.0   0.00272170
     646.8   0.00376830
     646.6  -0.00201500
     646.4   0.00047876
     646.2   0.00257020
     646.0  -0.00056061
     645.8   0.00022540
     645.6  -0.00002690
     645.4  -0.00294510
     645.2   0.00187460
     645.0  -0.00268910
     644.8  -0.00071452
     644.6  -0.00276400
     644.4  -0.00123790
     644.2  -0.00149540
     644.0  -0.00307760
     643.8  -0.00262500
     643.6   0.00257630
     643.4   0.00153680
     643.2   0.00074068
     643.0  -0.00068292
     642.8  -0.00129000
     642.6   0.00287330
     642.4   0.00096076
     642.2   0.00035626
     642.0   0.00091068
     641.8   0.00307190
     641.6  -0.00071172
     641.4   0.00151030
     641.2   0.00155280
     641.0  -0.00079711
     640.8  -0.00055899
     640.6  -0.00004580
     640.4  -0.00160810
     640.2   0.00098710
     640.0   0.00122990
     639.8   0.00277600
     639.6   0.00109530
     639.4   0.00036937
     639.2   0.00351960
     639.0  -0.00026883
     638.8   0.00382420
     638.6   0.00157460
     638.4  -0.00015549
     638.2   0.00370600
     638.0  -0.00005300
     637.8   0.00241100
     637.6   0.00311000
     637.4   0.00036395
     637.2  -0.00105930
     637.0   0.00297650
     636.8   0.00138700
     636.6   0.00270400
     636.4   0.00243500
     636.2  -0.00005810
     636.0  -0.00043564
     635.8  -0.00157690
     635.6  -0.00132080
     635.4  -0.00475440
     635.2  -0.00144960
     635.0   0.00171470
     634.8   0.00033004
     634.6   0.00042746
     634.4   0.00035879
     634.2  -0.00169110
     634.0  -0.00137840
     633.8  -0.00162810
     633.6  -0.00332630
     633.4  -0.00040300
     633.2  -0.00046996
     633.0  -0.00169620
     632.8  -0.00157540
     632.6  -0.00164210
     632.4   0.00321810
     632.2  -0.00003580
     632.0   0.00074640
     631.8   0.00268390
     631.6   0.00112970
     631.4   0.00359240
     631.2  -0.00380820
     631.0  -0.00261130
     630.8  -0.00157560
     630.6  -0.00144530
     630.4  -0.00299590
     630.2   0.00097867
     630.0   0.00332880
     629.8   0.00083841
     629.6   0.00036346
     629.4   0.00074329
     629.2   0.00189660
     629.0  -0.00400270
     628.8  -0.00029546
     628.6  -0.00131670
     628.4  -0.00065621
     628.2   0.00289820
     628.0   0.00433610
     627.8   0.00060993
     627.6   0.00203120
     627.4   0.00111570
     627.2  -0.00221160
     627.0  -0.00080506
     626.8  -0.00363660
     626.6  -0.00326110
     626.4   0.00110350
     626.2   0.00164670
     626.0   0.00023939
     625.8   0.00126620
     625.6  -0.00132620
     625.4  -0.00030403
     625.2  -0.00440240
     625.0  -0.00107310
     624.8  -0.00054282
     624.6   0.00060689
     624.4   0.00097773
     624.2   0.00021554
     624.0  -0.00199400
     623.8   0.00368580
     623.6  -0.00210920
     623.4  -0.00029161
     623.2  -0.00055148
     623.0   0.00280370
     622.8  -0.00015988
     622.6   0.00281760
     622.4   0.00111780
     622.2  -0.00065958
     622.0   0.00020088
     621.8   0.00604880
     621.6  -0.00319860
     621.4   0.00270400
     621.2   0.00063012
     621.0   0.00112500
     620.8  -0.00174610
     620.6   0.00117170
     620.4   0.00125570
     620.2  -0.00215040
     620.0  -0.00087548
     619.8   0.00088631
     619.6  -0.00298630
     619.4  -0.00115880
     619.2   0.00050063
     619.0  -0.00179800
     618.8   0.00157950
     618.6  -0.00181600
     618.4   0.00457860
     618.2  -0.00327530
     618.0   0.00101570
     617.8   0.00229840
     617.6   0.00186180
     617.4  -0.00086045
     617.2   0.00062031
     617.0   0.00240690
     616.8  -0.00128060
     616.6  -0.00193930
     616.4  -0.00100770
     616.2   0.00474880
     616.0   0.00173570
     615.8  -0.00113310
     615.6  -0.00319420
     615.4  -0.00239370
     615.2   0.00012351
     615.0   0.00288360
     614.8  -0.00015572
     614.6  -0.00171540
     614.4   0.00122600
     614.2  -0.00168850
     614.0   0.00484260
     613.8   0.00277370
     613.6  -0.00300350
     613.4  -0.00031507
     613.2   0.00287390
     613.0   0.00456410
     612.8   0.00358050
     612.6   0.00234830
     612.4  -0.00058389
     612.2  -0.00327340
     612.0   0.00092725
     611.8  -0.00533460
     611.6  -0.00060005
     611.4   0.00541430
     611.2   0.00496360
     611.0   0.00400760
     610.8  -0.00029931
     610.6  -0.00295420
     610.4  -0.00283510
     610.2  -0.00200620
     610.0  -0.00434130
     609.8   0.00024201
     609.6   0.00215810
     609.4   0.00149680
     609.2   0.00160950
     609.0  -0.00486110
     608.8   0.00106260
     608.6   0.00304810
     608.4   0.00079192
     608.2   0.00120060
     608.0   0.00066003
     607.8   0.00093083
     607.6  -0.00163550
     607.4   0.00135920
     607.2   0.00078280
     607.0  -0.00368090
     606.8   0.00405820
     606.6   0.00081393
     606.4   0.00199310
     606.2  -0.00003400
     606.0  -0.00400710
     605.8  -0.00020274
     605.6  -0.00297390
     605.4  -0.00245640
     605.2  -0.00419040
     605.0  -0.00149440
     604.8   0.00210010
     604.6   0.00062344
     604.4   0.00023268
     604.2  -0.00004910
     604.0   0.00023594
     603.8   0.00035069
     603.6  -0.00422020
     603.4  -0.00236190
     603.2   0.00360390
     603.0  -0.00029361
     602.8  -0.00029061
     602.6  -0.00183990
     602.4  -0.00183070
     602.2   0.00033273
     602.0  -0.00117880
     601.8   0.00107510
     601.6   0.00234970
     601.4  -0.00114780
     601.2   0.00069278
     601.0  -0.00077401
     600.8  -0.00078195
     600.6   0.00258100
     600.4   0.00097979
     600.2  -0.00218340
     600.0  -0.00078818
     599.8  -0.00138240
     599.6   0.00145130
     599.4   0.00047416
     599.2  -0.00310010
     599.0   0.00207220
     598.8   0.00346820
     598.6  -0.00019196
     598.4  -0.00289570
     598.2  -0.00093398
     598.0   0.00198570
     597.8  -0.00038811
     597.6   0.00135210
     597.4  -0.00093980
     597.2   0.00201360
     597.0  -0.00176840
     596.8  -0.00400530
     596.6  -0.00182740
     596.4  -0.00163460
     596.2  -0.00197240
     596.0   0.00198910
     595.8  -0.00060296
     595.6  -0.00552850
     595.4  -0.00072618
     595.2  -0.00219590
     595.0   0.00021024
     594.8   0.00497670
     594.6  -0.00543750
     594.4  -0.00063624
     594.2  -0.00241180
     594.0   0.00103860
     593.8  -0.00186080
     593.6  -0.00070195
     593.4   0.00263810
     593.2   0.00036241
     593.0   0.00164670
     592.8  -0.00005200
     592.6   0.00011010
     592.4  -0.00233880
     592.2  -0.00034783
     592.0   0.00381290
     591.8   0.00175260
     591.6   0.00138210
     591.4   0.00210140
     591.2   0.00132640
     591.0  -0.00301850
     590.8   0.00089503
     590.6  -0.00070246
     590.4   0.00280840
     590.2  -0.00140170
     590.0   0.00105260
     589.8  -0.00101470
     589.6   0.00023809
     589.4   0.00023792
     589.2   0.00072145
     589.0   0.00247070
     588.8  -0.00059621
     588.6   0.00172980
     588.4  -0.00195630
     588.2   0.00089794
     588.0  -0.00233250
     587.8   0.00109080
     587.6  -0.00086714
     587.4  -0.00273210
     587.2   0.00096410
     587.0   0.00276460
     586.8   0.00131040
     586.6  -0.00095191
     586.4   0.00471930
     586.2  -0.00195050
     586.0   0.00325730
     585.8  -0.00240640
     585.6   0.00154170
     585.4   0.00022659
     585.2   0.00167720
     585.0  -0.00059687
     584.8   0.00008850
     584.6  -0.00316610
     584.4   0.00243440
     584.2   0.00065580
     584.0  -0.00138500
     583.8   0.00036230
     583.6   0.00160880
     583.4  -0.00095381
     583.2  -0.00162240
     583.0  -0.00156940
     582.8  -0.00087388
     582.6  -0.00506630
     582.4   0.00274450
     582.2  -0.00115490
     582.0   0.00111820
     581.8   0.00466040
     581.6  -0.00070154
     581.4   0.00347330
     581.2   0.00254560
     581.0   0.00023165
     580.8  -0.00324160
     580.6  -0.00046332
     580.4  -0.00065666
     580.2   0.00166730
     580.0  -0.00323100
     579.8   0.00261310
     579.6  -0.00151700
     579.4  -0.00192450
     579.2  -0.00056577
     579.0  -0.00044567
     578.8   0.00328090
     578.6   0.00081401
     578.4   0.00206180
     578.2   0.00190830
     578.0  -0.00082440
     577.8  -0.00142880
     577.6  -0.00375290
     577.4  -0.00016573
     577.2  -0.00243590
     577.0   0.00307060
     576.8  -0.00044953
     576.6   0.00092909
     576.4  -0.00167380
     576.2   0.00245210
     576.0  -0.00542400
     575.8   0.00502370
     575.6   0.00212430
     575.4   0.00049756
     575.2   0.00067109
     575.0  -0.00177220
     574.8  -0.00081738
     574.6  -0.00133030
     574.4   0.00211730
     574.2  -0.00422650
     574.0  -0.00192060
     573.8  -0.00155310
     573.6   0.00245360
     573.4   0.00095088
     573.2  -0.00610840
     573.0   0.00026754
     572.8   0.00168320
     572.6   0.00072646
     572.4  -0.00528110
     572.2  -0.00338170
     572.0   0.00221990
     571.8   0.00129440
     571.6   0.00023312
     571.4  -0.00230400
     571.2  -0.00486700
     571.0  -0.00126490
     570.8  -0.00084279
     570.6  -0.00029565
     570.4  -0.00056052
     570.2  -0.00043014
     570.0   0.00286070
     569.8   0.00161950
     569.6   0.00246130
     569.4   0.00192770
     569.2   0.00311520
     569.0   0.00033279
     568.8   0.00366930
     568.6   0.00713190
     568.4   0.00341960
     568.2   0.00116700
     568.0   0.00372830
     567.8  -0.00232240
     567.6  -0.00177930
     567.4   0.00320930
     567.2   0.00010129
     567.0  -0.00016603
     566.8   0.00037373
     566.6   0.00432320
     566.4   0.00011141
     566.2   0.00257370
     566.0   0.00145160
     565.8  -0.00180100
     565.6  -0.00029821
     565.4  -0.00016381
     565.2  -0.00535850
     565.0  -0.00221330
     564.8   0.00038615
     564.6   0.00135120
     564.4  -0.00057060
     564.2   0.00052517
     564.0  -0.00314910
     563.8  -0.00618430
     563.6   0.00177730
     563.4  -0.00044722
     563.2  -0.00301300
     563.0   0.00080288
     562.8  -0.00124420
     562.6  -0.00193010
     562.4  -0.00017533
     562.2  -0.00152140
     562.0   0.00339630
     561.8   0.00136070
     561.6  -0.00057352
     561.4  -0.00577990
     561.2  -0.00357400
     561.0  -0.00207770
     560.8   0.00093361
     560.6  -0.00001760
     560.4  -0.00098610
     560.2  -0.00099305
     560.0  -0.00139570
     559.8  -0.00261710
     559.6   0.00369190
     559.4   0.00093357
     559.2   0.00135700
     559.0   0.00176260
     558.8   0.00439450
     558.6   0.00082333
     558.4   0.00258940
     558.2  -0.00112750
     558.0   0.00095210
     557.8  -0.00222550
     557.6   0.00260140
     557.4  -0.00336240
     557.2  -0.00030393
     557.0  -0.00030580
     556.8  -0.00083809
     556.6   0.00012579
     556.4   0.00012061
     556.2  -0.00113710
     556.0  -0.00127960
     555.8   0.00040492
     555.6  -0.00002020
     555.4  -0.00029702
     555.2   0.00261780
     555.0  -0.00316990
     554.8   0.00218600
     554.6  -0.00441360
     554.4   0.00262200
     554.2   0.00323950
     554.0  -0.00039689
     553.8  -0.00040672
     553.6  -0.00150580
     553.4   0.00370680
     553.2  -0.00097981
     553.0  -0.00171210
     552.8  -0.00454590
     552.6   0.00011146
     552.4   0.00213020
     552.2  -0.00594880
     552.0   0.00149040
     551.8  -0.00376460
     551.6   0.00000875
     551.4  -0.00154930
     551.2   0.00141890
     551.0  -0.00197590
     550.8   0.00405370
     550.6  -0.00195900
     550.4   0.00141900
     550.2  -0.00135600
     550.0  -0.00054443
     549.8   0.00307000
     549.6  -0.00093255
     549.4   0.00655430
     549.2  -0.00054644
     549.0   0.00178930
     548.8   0.00334890
     548.6   0.00385260
     548.4  -0.00016016
     548.2   0.00008930
     548.0   0.00477960
     547.8   0.00088060
     547.6   0.00178630
     547.4   0.00231260
     547.2   0.00140430
     547.0  -0.00316190
     546.8  -0.00052468
     546.6   0.00153350
     546.4   0.00036005
     546.2  -0.00276870
     546.0   0.00180240
     545.8   0.00116160
     545.6  -0.00067011
     545.4   0.00166870
     545.2   0.00347860
     545.0   0.00296860
     544.8  -0.00259740
     544.6   0.00151640
     544.4  -0.00184080
     544.2   0.00113220
     544.0   0.00499080
     543.8   0.00177930
     543.6  -0.00103970
     543.4   0.00240880
     543.2   0.00137770
     543.0  -0.00130240
     542.8   0.00024102
     542.6  -0.00027046
     542.4  -0.00246000
     542.2  -0.00142190
     542.0   0.00237170
     541.8  -0.00012791
     541.6   0.00122260
     541.4   0.00211700
     541.2   0.00085144
     541.0  -0.00015251
     540.8   0.00221360
     540.6   0.00061439
     540.4  -0.00116820
     540.2   0.00084693
     540.0   0.00022115
     539.8  -0.00003770
     539.6   0.00171080
     539.4   0.00333070
     539.2   0.00306620
     539.0   0.00108540
     538.8   0.00009790
     538.6   0.00158840
     538.4   0.00504990
     538.2   0.00479150
     538.0   0.00281430
     537.8  -0.00325240
     537.6   0.00293940
     537.4  -0.00014388
     537.2   0.00280730
     537.0  -0.00223500
     536.8   0.00033344
     536.6  -0.00198230
     536.4   0.00133450
     536.2   0.00218700
     536.0   0.00242580
     535.8  -0.00210970
     535.6   0.00010831
     535.4  -0.00039099
     535.2  -0.00198160
     535.0   0.00547030
     534.8   0.00156290
     534.6   0.00267590
     534.4   0.00118610
     534.2   0.00487190
     534.0  -0.00186220
     533.8   0.00059540
     533.6  -0.00234620
     533.4   0.00533570
     533.2   0.00255520
     533.0  -0.00026285
     532.8   0.00361890
     532.6  -0.00379180
     532.4   0.00471820
     532.2  -0.00293490
     532.0   0.00263660
     531.8   0.00286980
     531.6  -0.00026507
     531.4  -0.00208790
     531.2   0.00215730
     531.0   0.00046796
     530.8   0.00034525
     530.6  -0.00135350
     530.4  -0.00086699
     530.2   0.00166540
     530.0   0.00021439
     529.8   0.00117610
     529.6   0.00143220
     529.4  -0.00014704
     529.2   0.00058777
     529.0   0.00563120
     528.8  -0.00002010
     528.6   0.00648190
     528.4   0.00419880
     528.2  -0.00099165
     528.0   0.00059098
     527.8  -0.00037606
     527.6  -0.00061994
     527.4  -0.00001430
     527.2  -0.00219300
     527.0   0.00021921
     526.8   0.00009350
     526.6   0.00022735
     526.4   0.00525880
     526.2  -0.00062179
     526.0  -0.00326630
     525.8   0.00057427
     525.6   0.00166370
     525.4   0.00178370
     525.2   0.00069959
     525.0   0.00322080
     524.8   0.00238770
     524.6  -0.00109920
     524.4   0.00057547
     524.2   0.00021941
     524.0  -0.00158540
     523.8   0.00297620
     523.6   0.00320590
     523.4  -0.00157580
     523.2   0.00081121
     523.0   0.00250660
     522.8  -0.00241520
     522.6   0.00655700
     522.4  -0.00121980
     522.2   0.00165350
     522.0   0.00081308
     521.8   0.00177510
     521.6   0.00381610
     521.4   0.00463400
     521.2   0.00141250
     521.0  -0.00002870
     520.8  -0.00074293
     520.6   0.00140650
     520.4  -0.00086245
     520.2   0.00069244
     520.0   0.00320210
     519.8   0.00248390
     519.6   0.00070117
     519.4   0.00163700
     519.2   0.00056951
     519.0   0.00081374
     518.8  -0.00180890
     518.6   0.00200750
     518.4  -0.00347490
     518.2   0.00094524
     518.0   0.00296440
     517.8   0.00342760
     517.6  -0.00337710
     517.4   0.00283380
     517.2   0.00140890
     517.0   0.00320370
     516.8   0.00284040
     516.6  -0.00264380
     516.4   0.00223950
     516.2   0.00415030
     516.0   0.00081895
     515.8   0.00092158
     515.6  -0.00131900
     515.4   0.00308130
     515.2   0.00022274
     515.0  -0.00060707
     514.8   0.00165050
     514.6   0.00080783
     514.4   0.00331140
     514.2   0.00535470
     514.0   0.00333490
     513.8   0.00057678
     513.6   0.00045632
     513.4   0.00177420
     513.2   0.00534440
     513.0  -0.00037562
     512.8  -0.00133570
     512.6   0.00130300
     512.4   0.00260940
     512.2   0.00116690
     512.0   0.00356370
     511.8   0.00094121
     511.6  -0.00286900
     511.4   0.00034447
     511.2  -0.00084285
     511.0   0.00261080
     510.8   0.00415680
     510.6   0.00331340
     510.4   0.00487540
     510.2   0.00129970
     510.0   0.00106050
     509.8   0.00190720
     509.6   0.00203380
     509.4   0.00391650
     509.2   0.00214590
     509.0   0.00776460
     508.8   0.00452730
     508.6   0.00787720
     508.4   0.00955840
     508.2   0.01005700
     508.0   0.00755650
     507.8   0.01422900
     507.6   0.01223500
     507.4   0.01497900
     507.2   0.01895300
     507.0   0.02169700
     506.8   0.02389400
     506.6   0.02785300
     506.4   0.03768100
     506.2   0.04192600
     506.0   0.04961500
     505.8   0.06619200
     505.6   0.07927900
     505.4   0.09322700
     505.2   0.11868000
     505.0   0.14667000
     504.8   0.18493000
     504.6   0.23447000
     504.4   0.30281000
     504.2   0.39708000
     504.0   0.51531000
     503.8   0.68946000
     503.6   0.93983000
     503.4   1.28720000
     503.2   1.81160000
     503.0   2.55820000
     502.8   3.64180000
     502.6   5.10550000
     502.4   7.16280000
     502.2   9.82910000
     502.0  13.18500000
     501.8  17.20000000
     501.6  21.88000000
     501.4  27.18300000
     501.2  32.83900000
     501.0  39.04800000
     500.8  45.17000000
     500.6  51.33800000
     500.4  57.03900000
     500.2  62.38400000
     500.0  66.97100000
     499.8  70.80500000
     499.6  74.02400000
     499.4  76.53000000
     499.2  78.33100000
     499.0  79.47900000
     498.8  80.00100000
     498.6  79.86200000
     498.4  79.15500000
     498.2  77.74800000
     498.0  75.61000000
     497.8  72.76400000
     497.6  69.23900000
     497.4  64.91100000
     497.2  59.99800000
     497.0  54.41300000
     496.8  48.27100000
     496.6  41.92700000
     496.4  35.64800000
     496.2  29.52100000
     496.0  23.87400000
     495.8  18.86900000
     495.6  14.43600000
     495.4  10.69500000
     495.2   7.70560000
     495.0   5.38970000
     494.8   3.67830000
     494.6   2.49990000
     494.4   1.69350000
     494.2   1.14150000
     494.0   0.78020000
     493.8   0.54476000
     493.6   0.38594000
     493.4   0.27778000
     493.2   0.20530000
     493.0   0.15634000
     492.8   0.11655000
     492.6   0.08551700
     492.4   0.06659300
     492.2   0.05034200
     492.0   0.04591600
     491.8   0.03284000
     491.6   0.02757600
     491.4   0.02047000
     491.2   0.02365200
     491.0   0.01630100
     490.8   0.01642800
     490.6   0.01409000
     490.4   0.01213400
     490.2   0.00834030
     490.0   0.00662520
     489.8   0.00440910
     489.6   0.00380600
     489.4   0.00528620
     489.2   0.00749000
     489.0   0.00171010
     488.8   0.00514090
     488.6   0.00183400
     488.4   0.00292330
     488.2   0.00121590
     488.0   0.00244720
     487.8   0.00318620
     487.6  -0.00123500
     487.4  -0.00098998
     487.2   0.00220460
     487.0   0.00110120
     486.8   0.00183290
     486.6   0.00270310
     486.4  -0.00039391
     486.2   0.00318450
     486.0   0.00022260
     485.8   0.00518050
     485.6   0.00195620
     485.4   0.00034265
     485.2  -0.00002980
     485.0  -0.00336490
     484.8  -0.00115130
     484.6   0.00247420
     484.4   0.00195080
     484.2  -0.00038953
     484.0   0.00245780
     483.8   0.00448580
     483.6   0.00309950
     483.4   0.00183430
     483.2  -0.00149860
     483.0   0.00021452
     482.8  -0.00077014
     482.6   0.00222400
     482.4   0.00259250
     482.2   0.00298350
     482.0   0.00058936
     481.8   0.00072661
     481.6   0.00174040
     481.4   0.00059455
     481.2   0.00112120
     481.0   0.00023637
     480.8   0.00287450
     480.6   0.00172910
     480.4   0.00361720
     480.2   0.00312670
     480.0   0.00249710
     479.8  -0.00055072
     479.6   0.00047792
     479.4  -0.00191580
     479.2   0.00148260
     479.0   0.00061668
     478.8   0.00084915
     478.6   0.00135440
     478.4   0.00187020
     478.2   0.00161710
     478.0   0.00286070
     477.8   0.00020931
     477.6   0.00072513
     477.4   0.00022009
     477.2   0.00290520
     477.0  -0.00090681
     476.8   0.00098387
     476.6   0.00354430
     476.4  -0.00090091
     476.2   0.00088032
     476.0   0.00009640
     475.8   0.00073754
     475.6  -0.00129750
     475.4   0.00176100
     475.2  -0.00119020
     475.0   0.00190530
     474.8   0.00019633
     474.6   0.00113000
     474.4   0.00599100
     474.2  -0.00067754
     474.0   0.00023401
     473.8  -0.00285820
     473.6  -0.00004380
     473.4  -0.00146140
     473.2   0.00020177
     473.0   0.00356450
     472.8   0.00449720
     472.6   0.00316920
     472.4   0.00369750
     472.2   0.00075781
     472.0   0.00333180
     471.8   0.00215730
     471.6  -0.00134390
     471.4   0.00047189
     471.2   0.00285690
     471.0  -0.00145130
     470.8   0.00179970
     470.6   0.00242700
     470.4  -0.00120690
     470.2   0.00117370
     470.0   0.00112030
     469.8  -0.00198980
     469.6   0.00074482
     469.4   0.00335500
     469.2   0.00258560
     469.0   0.00047601
     468.8  -0.00134440
     468.6   0.00065201
     468.4   0.00086242
     468.2   0.00586370
     468.0   0.00060539
     467.8   0.00101700
     467.6   0.00244800
     467.4   0.00089816
     467.2   0.00352220
     467.0   0.00191860
     466.8   0.00233280
     466.6  -0.00120140
     466.4  -0.00215520
     466.2   0.00660110
     466.0  -0.00256200
     465.8  -0.00108500
     465.6  -0.00073017
     465.4   0.00169500
     465.2   0.00171740
     465.0   0.00029529
     464.8   0.00395150
     464.6  -0.00114050
     464.4   0.00053559
     464.2   0.00266070
     464.0   0.00109570
     463.8   0.00307710
     463.6   0.00064204
     463.4   0.00488910
     463.2   0.00187890
     463.0  -0.00030020
     462.8   0.00132380
     462.6   0.00126720
     462.4  -0.00336140
     462.2   0.00110900
     462.0   0.00122730
     461.8   0.00216130
     461.6  -0.00044322
     461.4  -0.00144680
     461.2   0.00096766
     461.0  -0.00041046
     460.8   0.00081573
     460.6   0.00022834
     460.4   0.00084793
     460.2   0.00032555
     460.0   0.00145020
     459.8   0.00033421
     459.6  -0.00307690
     459.4   0.00218910
     459.2   0.00070936
     459.0   0.00045244
     458.8   0.00169280
     458.6   0.00235430
     458.4   0.00032320
     458.2   0.00446600
     458.0   0.00361010
     457.8   0.00421800
     457.6  -0.00055191
     457.4   0.00010226
     457.2   0.00061261
     457.0  -0.00405500
     456.8  -0.00119160
     456.6   0.00297530
     456.4   0.00118930
     456.2   0.00440300
     456.0   0.00096885
     455.8  -0.00155030
     455.6   0.00211400
     455.4   0.00246650
     455.2   0.00465670
     455.0  -0.00208120
     454.8  -0.00131230
     454.6  -0.00269860
     454.4   0.00160100
     454.2   0.00134490
     454.0  -0.00004780
     453.8  -0.00069071
     453.6   0.00658110
     453.4   0.00379210
     453.2   0.00034529
     453.0   0.00022006
     452.8   0.00111660
     452.6   0.00022582
     452.4   0.00391180
     452.2   0.00100480
     452.0   0.00058865
     451.8  -0.00018015
     451.6  -0.00184840
     451.4   0.00267110
     451.2   0.00072506
     451.0   0.00111040
     450.8   0.00084511
     450.6   0.00007420
     450.4   0.00397460
     450.2  -0.00224550
     450.0   0.00228470
     449.8   0.00320990
     449.6   0.00423570
     449.4   0.00139410
     449.2  -0.00105130
     449.0   0.00310870
     448.8   0.00035480
     448.6   0.00100640
     448.4   0.00554210
     448.2   0.00267090
     448.0  -0.00122070
     447.8  -0.00159230
     447.6   0.00061405
     447.4   0.00071678
     447.2  -0.00107140
     447.0  -0.00006610
     446.8   0.00032265
     446.6   0.00230180
     446.4  -0.00206870
     446.2   0.00252090
     446.0   0.00223180
     445.8  -0.00421620
     445.6   0.00037693
     445.4   0.00391550
     445.2   0.00095096
     445.0  -0.00080358
     444.8   0.00133880
     444.6   0.00159540
     444.4  -0.00188340
     444.2   0.00374560
     444.0   0.00108790
     443.8   0.00117170
     443.6   0.00223840
     443.4   0.00038075
     443.2   0.00058963
     443.0  -0.00067626
     442.8   0.00491410
     442.6  -0.00077084
     442.4   0.00068441
     442.2   0.00066962
     442.0  -0.00040042
     441.8   0.00196420
     441.6   0.00292750
     441.4   0.00023102
     441.2  -0.00163640
     441.0  -0.00001580
     440.8  -0.00067409
     440.6   0.00272370
     440.4   0.00010036
     440.2   0.00198310
     440.0   0.00324870
     439.8  -0.00030934
     439.6  -0.00118690
     439.4   0.00133600
     439.2  -0.00106400
     439.0   0.00500470
     438.8  -0.00219600
     438.6   0.00161790
     438.4  -0.00282730
     438.2   0.00364240
     438.0   0.00510710
     437.8  -0.00395280
     437.6   0.00048040
     437.4   0.00046222
     437.2   0.00161790
     437.0   0.00159800
     436.8  -0.00232930
     436.6   0.00381580
     436.4  -0.00183800
     436.2   0.00459280
     436.0  -0.00285530
     435.8  -0.00143640
     435.6   0.00346850
     435.4   0.00293510
     435.2   0.00267220
     435.0  -0.00142680
     434.8   0.00125880
     434.6  -0.00483890
     434.4   0.00137930
     434.2   0.00308110
     434.0   0.00082862
     433.8   0.00153610
     433.6  -0.00254140
     433.4   0.00178540
     433.2  -0.00094443
     433.0   0.00262540
     432.8   0.00270770
     432.6   0.00051455
     432.4  -0.00410550
     432.2  -0.00108450
     432.0   0.00001800
     431.8  -0.00096519
     431.6  -0.00003730
     431.4  -0.00089908
     431.2  -0.00209500
     431.0  -0.00126750
     430.8  -0.00063553
     430.6   0.00019954
     430.4  -0.00582850
     430.2  -0.00040130
     430.0   0.00157230
     429.8   0.00182440
     429.6   0.00243770
     429.4  -0.00367650
     429.2   0.00107270
     429.0   0.00294970
     428.8   0.00158960
     428.6   0.00158300
     428.4   0.00019949
     428.2   0.00163720
     428.0   0.00302730
     427.8   0.00058005
     427.6  -0.00093356
     427.4  -0.00118830
     427.2   0.00124190
     427.0   0.00061783
     426.8  -0.00131290
     426.6  -0.00134430
     426.4  -0.00003510
     426.2   0.00112430
     426.0   0.00307220
     425.8  -0.00002470
     425.6  -0.00331210
     425.4   0.00285460
     425.2  -0.00297270
     425.0   0.00394880
     424.8  -0.00100440
     424.6  -0.00131760
     424.4  -0.00162110
     424.2  -0.00091669
     424.0   0.00081736
     423.8   0.00380950
     423.6  -0.00003870
     423.4  -0.00003890
     423.2   0.00069385
     423.0   0.00098067
     422.8   0.00248250
     422.6  -0.00227910
     422.4  -0.00116040
     422.2  -0.00052355
     422.0   0.00412510
     421.8   0.00061343
     421.6  -0.00033028
     421.4  -0.00029096
     421.2  -0.00153430
     421.0   0.00061761
     420.8   0.00059811
     420.6  -0.00017015
     420.4   0.00260290
     420.2   0.00200650
     420.0   0.00119040
     419.8   0.00536810
     419.6  -0.00446250
     419.4  -0.00249180
     419.2  -0.00175310
     419.0  -0.00104050
     418.8   0.00009580
     418.6  -0.00141770
     418.4  -0.00118450
     418.2  -0.00017862
     418.0  -0.00017885
     417.8  -0.00054332
     417.6  -0.00274540
     417.4   0.00186260
     417.2  -0.00244710
     417.0   0.00280270
     416.8   0.00072926
     416.6   0.00125860
     416.4  -0.00208780
     416.2  -0.00112510
     416.0  -0.00284930
     415.8  -0.00041069
     415.6   0.00207710
     415.4   0.00010754
     415.2   0.00270580
     415.0   0.00046922
     414.8   0.00182340
     414.6   0.00150250
     414.4   0.00008000
     414.2   0.00184910
     414.0   0.00137640
     413.8   0.00384140
     413.6   0.00051056
     413.4  -0.00240150
     413.2  -0.00082982
     413.0   0.00113270
     412.8   0.00237200
     412.6  -0.00004530
     412.4  -0.00093365
     412.2   0.00083553
     412.0   0.00281760
     411.8   0.00071731
     411.6  -0.00079504
     411.4   0.00060387
     411.2   0.00022903
     411.0   0.00123230
     410.8  -0.00029478
     410.6   0.00254700
     410.4  -0.00211850
     410.2  -0.00197560
     410.0   0.00029436
     409.8   0.00261010
     409.6   0.00339680
     409.4  -0.00066581
     409.2   0.00440530
     409.0  -0.00040550
     408.8  -0.00230930
     408.6   0.00133710
     408.4   0.00223340
     408.2   0.00430250
     408.0   0.00251650
     407.8   0.00059866
     407.6   0.00383290
     407.4   0.00155550
     407.2   0.00177520
     407.0   0.00287320
     406.8   0.00462110
     406.6  -0.00004500
     406.4   0.00258340
     406.2  -0.00153140
     406.0   0.00058584
     405.8   0.00034461
     405.6   0.00212130
     405.4   0.00343350
     405.2   0.00180430
     405.0   0.00371100
     404.8   0.00375460
     404.6   0.00006690
     404.4  -0.00001410
     404.2  -0.00480370
     404.0   0.00512290
     403.8   0.00043165
     403.6  -0.00103120
     403.4   0.00246880
     403.2  -0.00192860
     403.0  -0.00104270
     402.8  -0.00231260
     402.6  -0.00144700
     402.4  -0.00082960
     402.2  -0.00248640
     402.0  -0.00095347
     401.8   0.00594620
     401.6   0.00254690
     401.4   0.00450730
     401.2   0.00094470
     401.0   0.00324620
     400.8   0.00290180
     400.6   0.00033938
     400.4  -0.00302500
     400.2   0.00235300
     400.0  -0.00056166
     399.8   0.00032852
     399.6   0.00033770
     399.4   0.00278250
     399.2  -0.00042944
     399.0   0.00449250
     398.8  -0.00048472
     398.6   0.00198270
     398.4  -0.00095575
     398.2   0.00151770
     398.0   0.00155790
     397.8   0.00118910
     397.6  -0.00127080
     397.4   0.00121450
     397.2  -0.00279810
     397.0   0.00249510
     396.8   0.00138310
     396.6   0.00110300
     396.4  -0.00080061
     396.2   0.00228580
     396.0  -0.00168850
     395.8  -0.00172650
     395.6  -0.00382660
     395.4   0.00421190
     395.2   0.00160590
     395.0  -0.00165390
     394.8   0.00130730
     394.6  -0.00040222
     394.4   0.00058717
     394.2  -0.00092229
     394.0   0.00435680
     393.8   0.00553180
     393.6   0.00136140
     393.4   0.00050453
     393.2   0.00047356
     393.0  -0.00091571
     392.8   0.00032587
     392.6   0.00109080
     392.4  -0.00144780
     392.2   0.00212860
     392.0   0.00100970
     391.8   0.00070611
     391.6   0.00007060
     391.4   0.00687100
     391.2  -0.00154490
     391.0   0.00109900
     390.8  -0.00042632
     390.6   0.00121430
     390.4   0.00378600
     390.2   0.00124660
     390.0  -0.00273450
     389.8   0.00124310
     389.6   0.00486680
     389.4   0.00387550
     389.2   0.00306160
     389.0  -0.00100750
     388.8   0.00011528
     388.6   0.00128500
     388.4   0.00149250
     388.2  -0.00307760
     388.0  -0.00090246
     387.8   0.00019901
     387.6  -0.00029404
     387.4   0.00060815
     387.2   0.00278940
     387.0  -0.00002720
     386.8   0.00034145
     386.6   0.00273170
     386.4   0.00361770
     386.2   0.00272910
     386.0  -0.00080443
     385.8   0.00007020
     385.6   0.00097891
     385.4   0.00111750
     385.2  -0.00143750
     385.0  -0.00016873
     384.8  -0.00156130
     384.6   0.00246480
     384.4  -0.00150280
     384.2  -0.00160910
     384.0   0.00313180
     383.8   0.00230160
     383.6   0.00068508
     383.4  -0.00252170
     383.2   0.00271240
     383.0   0.00136020
     382.8  -0.00039376
     382.6   0.00173450
     382.4  -0.00261160
     382.2   0.00341960
     382.0   0.00098820
     381.8   0.00088404
     381.6  -0.00100890
     381.4   0.00186230
     381.2   0.00438300
     381.0  -0.00129830
     380.8   0.00548310
     380.6  -0.00175920
     380.4   0.00168890
     380.2   0.00318600
     380.0   0.00382720
     379.8   0.00271270
     379.6   0.00448580
     379.4  -0.00066300
     379.2   0.00084909
     379.0   0.00085348
     378.8  -0.00131910
     378.6   0.00034929
     378.4   0.00075455
     378.2  -0.00014468
     378.0   0.00450300
     377.8  -0.00011201
     377.6   0.00084192
     377.4   0.00023076
     377.2   0.00251770
     377.0   0.00167340
     376.8  -0.00003940
     376.6   0.00158900
     376.4   0.00184220
     376.2   0.00284860
     376.0   0.00575090
     375.8  -0.00004160
     375.6  -0.00093034
     375.4   0.00021442
     375.2   0.00255530
     375.0  -0.00078864
     374.8   0.00015485
     374.6   0.00294150
     374.4   0.00295590
     374.2   0.00413690
     374.0   0.00166020
     373.8   0.00536210
     373.6   0.00464670
     373.4  -0.00028828
     373.2   0.00058262
     373.0   0.00097587
     372.8   0.00261240
     372.6  -0.00077425
     372.4  -0.00042542
     372.2   0.00288810
     372.0  -0.00143620
     371.8  -0.00016142
     371.6  -0.00221850
     371.4  -0.00147060
     371.2  -0.00099028
     371.0   0.00017054
     370.8   0.00126400
     370.6  -0.00435690
     370.4  -0.00064756
     370.2   0.00044393
     370.0   0.00004430
     369.8   0.00181960
     369.6   0.00246680
     369.4   0.00072649
     369.2   0.00008160
     369.0  -0.00116430
     368.8   0.00071265
     368.6   0.00059372
     368.4   0.00178360
     368.2   0.00021221
     368.0   0.00079833
     367.8   0.00124970
     367.6   0.00227580
     367.4   0.00090951
     367.2  -0.00054587
     367.0   0.00181490
     366.8   0.00485480
     366.6   0.00185550
     366.4  -0.00017008
     366.2   0.00538070
     366.0   0.00351650
     365.8   0.00276320
     365.6  -0.00003550
     365.4   0.00214130
     365.2   0.00152500
     365.0   0.00050278
     364.8   0.00033290
     364.6  -0.00375080
     364.4   0.00140730
     364.2   0.00060796
     364.0   0.00083720
     363.8   0.00182630
     363.6   0.00244940
     363.4   0.00460890
     363.2  -0.00016007
     363.0   0.00123480
     362.8  -0.00184700
     362.6  -0.00067206
     362.4   0.00230040
     362.2   0.00138080
     362.0  -0.00241200
     361.8   0.00129020
     361.6   0.00308080
     361.4   0.00080717
     361.2   0.00006230
     361.0   0.00081300
     360.8  -0.00065954
     360.6  -0.00042021
     360.4  -0.00014426
     360.2  -0.00040097
     360.0  -0.00511990
     359.8  -0.00028978
     359.6   0.00267540
     359.4   0.00356870
     359.2   0.00351550
     359.0  -0.00268700
     358.8   0.00194570
     358.6  -0.00233680
     358.4   0.00056365
     358.2  -0.00226290
     358.0   0.00097712
     357.8  -0.00092585
     357.6   0.00061468
     357.4   0.00445760
     357.2  -0.00324740
     357.0   0.00331460
     356.8   0.00100980
     356.6   0.00099416
     356.4   0.00193850
     356.2   0.00138510
     356.0   0.00229190
     355.8   0.00194680
     355.6   0.00120780
     355.4   0.00110920
     355.2   0.00160630
     355.0   0.00341100
     354.8  -0.00325770
     354.6  -0.00132930
     354.4  -0.00003010
     354.2  -0.00029688
     354.0   0.00348090
     353.8   0.00109980
     353.6  -0.00088587
     353.4   0.00134230
     353.2  -0.00105100
     353.0   0.00211180
     352.8  -0.00207550
     352.6   0.00099992
     352.4  -0.00108140
     352.2   0.00372910
     352.0   0.00234980
     351.8   0.00030117
     351.6  -0.00103570
     351.4   0.00320690
     351.2   0.00331140
     351.0   0.00199280
     350.8  -0.00180800
     350.6   0.00162110
     350.4  -0.00068778
     350.2   0.00166410
     350.0   0.00069126
     349.8  -0.00057469
     349.6  -0.00030196
     349.4   0.00273120
     349.2   0.00462860
     349.0   0.00022087
     348.8   0.00173280
     348.6   0.00402390
     348.4   0.00186130
     348.2   0.00135560
     348.0   0.00310770
     347.8  -0.00067808
     347.6  -0.00042865
     347.4  -0.00054941
     347.2   0.00411020
     347.0   0.00312810
     346.8   0.00439800
     346.6   0.00312310
     346.4  -0.00040559
     346.2   0.00095666
     346.0   0.00518030
     345.8   0.00299940
     345.6   0.00059525
     345.4   0.00161220
     345.2   0.00058487
     345.0   0.00173830
     344.8  -0.00153170
     344.6  -0.00121340
     344.4   0.00072389
     344.2   0.00139950
     344.0   0.00300670
     343.8   0.00062340
     343.6  -0.00092600
     343.4   0.00175590
     343.2   0.00238460
     343.0   0.00137060
     342.8   0.00111750
     342.6  -0.00028889
     342.4   0.00255220
     342.2   0.00110970
     342.0   0.00266380
     341.8  -0.00081096
     341.6   0.00163830
     341.4   0.00149020
     341.2  -0.00528730
     341.0  -0.00003700
     340.8   0.00226530
     340.6   0.00113950
     340.4   0.00254110
     340.2  -0.00131360
     340.0   0.00076353
     339.8   0.00129540
     339.6   0.00150320
     339.4  -0.00159250
     339.2  -0.00041239
     339.0  -0.00004260
     338.8  -0.00144970
     338.6   0.00008840
     338.4   0.00103530
     338.2  -0.00075892
     338.0  -0.00016008
     337.8   0.00031281
     337.6   0.00021613
     337.4   0.00033391
     337.2  -0.00145780
     337.0  -0.00231140
     336.8   0.00090857
     336.6   0.00375300
     336.4   0.00136350
     336.2   0.00267410
     336.0   0.00078963
     335.8   0.00204920
     335.6   0.00101660
     335.4   0.00160120
     335.2  -0.00101030
     335.0   0.00076941
     334.8   0.00077564
     334.6   0.00005470
     334.4   0.00127070
     334.2   0.00238350
     334.0   0.00065556
     333.8  -0.00045303
     333.6   0.00046427
     333.4   0.00106920
     333.2   0.00010590
     333.0   0.00157070
     332.8  -0.00063200
     332.6   0.00132160
     332.4   0.00265350
     332.2   0.00240930
     332.0  -0.00077734
     331.8   0.00385860
     331.6   0.00334550
     331.4  -0.00196640
     331.2   0.00066935
     331.0   0.00234710
     330.8   0.00093146
     330.6   0.00307810
     330.4   0.00389800
     330.2   0.00020670
     330.0  -0.00003440
     329.8  -0.00108730
     329.6   0.00271440
     329.4   0.00612170
     329.2   0.00326960
     329.0  -0.00167660
     328.8  -0.00062211
     328.6  -0.00318220
     328.4   0.00162960
     328.2  -0.00148350
     328.0  -0.00052067
     327.8   0.00270110
     327.6  -0.00008770
     327.4   0.00013319
     327.2   0.00054731
     327.0  -0.00028424
     326.8   0.00268800
     326.6   0.00219090
     326.4  -0.00165000
     326.2  -0.00003160
     326.0   0.00425320
     325.8   0.00240070
     325.6   0.00188800
     325.4  -0.00174560
     325.2   0.00287700
     325.0   0.00288450
     324.8  -0.00053109
     324.6   0.00181190
     324.4   0.00066836
     324.2   0.00403620
     324.0   0.00213280
     323.8   0.00148350
     323.6   0.00126890
     323.4   0.00031875
     323.2   0.00138280
     323.0   0.00116340
     322.8   0.00303190
     322.6   0.00102530
     322.4  -0.00015617
     322.2  -0.00061254
     322.0   0.00286970
     321.8   0.00029634
     321.6   0.00186600
     321.4   0.00214300
     321.2   0.00325680
     321.0  -0.00274270
     320.8  -0.00150020
     320.6  -0.00050833
     320.4   0.00169670
     320.2   0.00280970
     320.0   0.00280430
     319.8  -0.00212490
     319.6  -0.00028753
     319.4   0.00192330
     319.2   0.00439330
     319.0   0.00153610
     318.8  -0.00039387
     318.6  -0.00016399
     318.4   0.00032663
     318.2   0.00018825
     318.0   0.00238920
     317.8   0.00033561
     317.6  -0.00185440
     317.4   0.00214720
     317.2   0.00235820
     317.0   0.00367620
     316.8   0.00186310
     316.6   0.00197770
     316.4  -0.00072977
     316.2   0.00164180
     316.0   0.00233340
     315.8   0.00101490
     315.6   0.00300470
     315.4   0.00139740
     315.2   0.00078488
     315.0  -0.00036315
     314.8   0.00170520
     314.6   0.00346240
     314.4  -0.00059341
     314.2   0.00270930
     314.0  -0.00055361
     313.8  -0.00092393
     313.6  -0.00075139
     313.4  -0.00117240
     313.2   0.00044913
     313.0  -0.00078310
     312.8   0.00242690
     312.6  -0.00041836
     312.4   0.00143710
     312.2   0.00428590
     312.0   0.00290420
     311.8   0.00094348
     311.6   0.00202700
     311.4   0.00338370
     311.2   0.00133110
     311.0   0.00079218
     310.8   0.00119170
     310.6   0.00558270
     310.4  -0.00124940
     310.2   0.00192610
     310.0  -0.00051687
     309.8  -0.00128570
     309.6  -0.00078624
     309.4   0.00105110
     309.2   0.00211600
     309.0  -0.00281610
     308.8   0.00259870
     308.6   0.00221670
     308.4   0.00045687
     308.2  -0.00014335
     308.0   0.00234540
     307.8  -0.00217090
     307.6   0.00197620
     307.4   0.00057747
     307.2   0.00042587
     307.0   0.00033129
     306.8   0.00089863
     306.6   0.00020259
     306.4   0.00065896
     306.2  -0.00286120
     306.0   0.00114110
     305.8   0.00137440
     305.6   0.00073706
     305.4  -0.00359950
     305.2   0.00131220
     305.0  -0.00289440
     304.8  -0.00144640
     304.6   0.00043750
     304.4   0.00046846
     304.2   0.00195960
     304.0  -0.00163830
     303.8   0.00075594
     303.6  -0.00457590
     303.4  -0.00095985
     303.2  -0.00194470
     303.0   0.00018920
     302.8   0.00176110
     302.6   0.00334080
     302.4   0.00171370
     302.2   0.00192070
     302.0  -0.00164930
     301.8   0.00308320
     301.6  -0.00090244
     301.4  -0.00167300
     301.2  -0.00214890
     301.0   0.00160240
     300.8   0.00044561
     300.6  -0.00348480
     300.4   0.00457250
     300.2  -0.00125360
     300.0   0.00083502
     299.8  -0.00201690
     299.6   0.00438370
     299.4  -0.00014361
     299.2   0.00103660
     299.0  -0.00004900
     298.8   0.00046548
     298.6   0.00068006
     298.4   0.00106370
     298.2   0.00118490
     298.0   0.00314520
     297.8   0.00071631
     297.6  -0.00260140
     297.4   0.00128650
     297.2   0.00308910
     297.0  -0.00160970
     296.8   0.00115900
     296.6   0.00199510
     296.4  -0.00171930
     296.2   0.00329560
     296.0  -0.00064943
     295.8   0.00199520
     295.6   0.00293680
     295.4   0.00364050
     295.2   0.00054098
     295.0   0.00080975
     294.8   0.00218590
     294.6   0.00151710
     294.4   0.00019515
     294.2  -0.00003350
     294.0  -0.00029761
     293.8   0.00166830
     293.6   0.00030321
     293.4   0.00328670
     293.2   0.00031695
     293.0   0.00108340
     292.8   0.00009860
     292.6   0.00057042
     292.4   0.00303570
     292.2  -0.00225070
     292.0   0.00229080
     291.8  -0.00050908
     291.6  -0.00245540
     291.4   0.00081586
     291.2   0.00069636
     291.0  -0.00002190
     290.8   0.00056410
     290.6   0.00210060
     290.4   0.00436250
     290.2  -0.00108000
     290.0   0.00022490
     289.8   0.00149300
     289.6   0.00166030
     289.4   0.00128030
     289.2   0.00011463
     289.0  -0.00083207
     288.8   0.00106930
     288.6   0.00132320
     288.4   0.00019980
     288.2   0.00375750
     288.0  -0.00360490
     287.8   0.00022321
     287.6  -0.00050997
     287.4   0.00056704
     287.2   0.00166470
     287.0   0.00034081
     286.8   0.00007800
     286.6   0.00068763
     286.4   0.00045524
     286.2  -0.00003800
     286.0   0.00306400
     285.8   0.00360680
     285.6   0.00059833
     285.4   0.00258460
     285.2   0.00148580
     285.0   0.00593900
     284.8  -0.00323590
     284.6   0.00119590
     284.4  -0.00126960
     284.2  -0.00199560
     284.0   0.00042183
     283.8   0.00019533
     283.6   0.00042577
     283.4   0.00043585
     283.2   0.00379290
     283.0   0.00114760
     282.8  -0.00218410
     282.6   0.00199000
     282.4   0.00009350
     282.2  -0.00121070
     282.0   0.00173290
     281.8   0.00004970
     281.6  -0.00154160
     281.4   0.00011675
     281.2  -0.00052374
     281.0   0.00057825
     280.8  -0.00090499
     280.6  -0.00065890
     280.4   0.00207350
     280.2   0.00033538
     280.0  -0.00113260
     279.8  -0.00002660
     279.6   0.00137390
     279.4  -0.00041331
     279.2   0.00139900
     279.0   0.00128300
     278.8  -0.00297480
     278.6  -0.00169760
     278.4   0.00123970
     278.2   0.00114530
     278.0   0.00016058
     277.8  -0.00158890
     277.6   0.00197950
     277.4  -0.00396240
     277.2   0.00344810
     277.0   0.00119430
     276.8   0.00205420
     276.6   0.00353560
     276.4  -0.00237350
     276.2  -0.00135880
     276.0   0.00178830
     275.8   0.00007980
     275.6   0.00115060
     275.4  -0.00259810
     275.2  -0.00172250
     275.0   0.00234050
     274.8  -0.00040344
     274.6   0.00176500
     274.4  -0.00052758
     274.2   0.00445180
     274.0  -0.00025939
     273.8   0.00251650
     273.6   0.00028754
     273.4   0.00202050
     273.2   0.00098801
     273.0   0.00186670
     272.8  -0.00207660
     272.6   0.00208420
     272.4  -0.00029661
     272.2  -0.00287010
     272.0   0.00291330
     271.8  -0.00067922
     271.6  -0.00137530
     271.4  -0.00088885
     271.2   0.00140400
     271.0  -0.00066281
     270.8  -0.00065292
     270.6  -0.00017200
     270.4  -0.00100390
     270.2   0.00045145
     270.0   0.00139790
     269.8   0.00308070
     269.6   0.00459470
     269.4  -0.00184270
     269.2  -0.00051000
     269.0   0.00303620
     268.8   0.00418940
     268.6  -0.00055950
     268.4   0.00199420
     268.2  -0.00064955
     268.0   0.00270660
     267.8  -0.00104290
     267.6   0.00244220
     267.4  -0.00053012
     267.2   0.00009540
     267.0   0.00364530
     266.8   0.00205310
     266.6  -0.00210980
     266.4  -0.00187470
     266.2   0.00351850
     266.0  -0.00283530
     265.8  -0.00369810
     265.6   0.00114000
     265.4   0.00140760
     265.2   0.00127490
     265.0   0.00501650
     264.8   0.00199710
     264.6  -0.00015306
     264.4  -0.00041289
     264.2   0.00318050
     264.0   0.00231940
     263.8  -0.00073061
     263.6   0.00061257
     263.4  -0.00067155
     263.2   0.00303120
     263.0  -0.00032494
     262.8   0.00386310
     262.6   0.00018668
     262.4   0.00568240
     262.2   0.00109920
     262.0   0.00083039
     261.8  -0.00002430
     261.6   0.00131040
     261.4   0.00007520
     261.2  -0.00235760
     261.0   0.00371140
     260.8  -0.00101700
     260.6   0.00104410
     260.4   0.00390210
     260.2   0.00284340
     260.0   0.00139380
     259.8  -0.00041523
     259.6   0.00184400
     259.4  -0.00169450
     259.2  -0.00127620
     259.0   0.00316940
     258.8   0.00143890
     258.6  -0.00072932
     258.4  -0.00410110
     258.2   0.00339740
     258.0   0.00108560
     257.8   0.00007160
     257.6  -0.00436660
     257.4   0.00402470
     257.2   0.00191250
     257.0  -0.00014400
     256.8   0.00019197
     256.6   0.00019255
     256.4  -0.00089240
     256.2  -0.00075761
     256.0  -0.00220380
     255.8  -0.00268870
     255.6   0.00104390
     255.4   0.00342920
     255.2   0.00470130
     255.0  -0.00180930
     254.8  -0.00238350
     254.6   0.00160870
     254.4   0.00169390
     254.2   0.00229290
     254.0  -0.00115980
     253.8   0.00269660
     253.6  -0.00216490
     253.4  -0.00047154
     253.2  -0.00160350
     253.0   0.00260140
     252.8   0.00241450
     252.6   0.00084345
     252.4  -0.00266770
     252.2   0.00220060
     252.0  -0.00099762
     251.8   0.00145410
     251.6   0.00121160
     251.4   0.00058454
     251.2   0.00570810
     251.0   0.00241720
     250.8   0.00165420
     250.6   0.00128780
     250.4   0.00034444
     250.2  -0.00004500
